Name;Weight (kg);Length (mm);Width (mm);Height (mm);Price (â‚¬);ID_part;ID_model;ID_product_type;ID_composition;ID_finish
DRAIN PLUG, FLOOR & TRUNK PAN, 1967-77 GM (STAMPED STEEL);0.09;127.0;88.9;5.08;5.94;0;[164, 174, 131, 390, 147, 295, 153, 429, 251, 178, 161, 416, 125, 225, 378, 409, 113, 195, 443, 210];0;[0];-1
SCREEN, COWL VENT, 1968-72 A-BODY, 1969-72 GRAND PRIX, W/ AC;0.14;375.92;121.92;38.1;22.94;1;[75, 373, 175, 400, 306, 252, 299, 39, 304];1;[1];0
SPRING, HOOD HINGE, 1964-67/1970-72 A-BODY;0.91;187.96;45.72;30.48;12.74;2;[368, 365, 379, 238, 19, 313, 339, 300, 355, 400, 416, 48, 159, 428, 127, 312, 78, 14];2;[0];1
1964-1977 HOOD ADJUSTER BOLT KIT, GM A-BODY, RIVIERA, 1959-1963 BONNEVILLE AND CATALINA;0.05;50.8;30.48;25.4;12.74;3;[329, 442, 414, 66, 27, 100, 230, 246, 146, 178, 250, 150, 60, 89, 159, 5, 428, 311, 136];3;[-1];-1
HOOD PIN SET, 1970-72 CHEVELLE/EL CAMINO, SS;1.36;142.24;86.36;25.4;31.44;4;[163, 392, 404, 91, 31, 29, 41, 231, 434, 254, 259, 405, 399, 232, 105, 71, 285, 85, 240, 194, 126, 402, 313, 118, 139, 300, 387, 116, 260, 400, 182, 415, 1, 438, 406, 152, 385, 171, 333, 123, 130, 93, 384, 52, 138, 179, 9, 112, 156, 64, 133, 308];4;[0];-1
SEAL, INNER FENDERWELL A-ARM, 1968-72 CHEVELLE/EL CAMINO/MONTE CARLO, STEEL;0.05;170.18;45.72;38.1;11.04;5;[373, 175, 400];5;[2];-1
SCREEN, COWL VENT, 1968-72 W/O AC;0.14;375.92;121.92;38.1;22.94;6;[75, 373, 175, 400, 306, 252, 299, 39, 304];1;[1];0
FIREWALL WIRE ROUTING GUTTER;0.09;347.98;71.12;17.78;7.64;7;[215, 274, 206, 341, 302, 25, 11, 83, 192, 262, 243, 393, 354, 347, 271, 309, 426, 379, 230, 419, 403, 86, 12, 257, 134, 155, 235, 160, 427, 159, 224, 288, 219, 176, 95];0;[1];-1
"1954-1977 GM 7/16"" X 14 CAGE NUT";0.14;63.5;63.5;50.8;15.29;8;[341, 442, 349, 199, 211, 154, 191, 379, 230, 246, 178, 430, 263, 328, 2, 159, 205, 219, 367, 180];0;[0];-1
DRAIN PLUG, FLOOR & TRUNK PAN, 1961-67 GM, NOTCHED;0.09;86.36;60.96;5.08;6.37;9;[57, 310, 80, 417, 58, 244, 272, 350, 19, 339, 103, 148, 333, 315, 3, 256, 376, 401, 428, 311, 136, 24];0;[0];-1
FASTENER SET, FRONT END, 1968-72 CHEVELLE/EL CAMINO/MONTE CARLO;2.09;200.66;111.76;86.36;45.04;10;[373, 175, 400, 416];6;[0];2
INSULATION PAD, FIREWALL, 1964-67 A-BODY, W/AC;1.5;363.22;185.42;129.54;42.49;11;[209, 19, 339, 48, 428, 312, 14];7;[3];3
INSULATION PAD, FIREWALL, 1968-72 A-BODY, NO AC;1.5;360.68;152.4;139.7;42.49;12;[75, 373, 175, 400, 306, 252, 299, 39, 304];7;[3];3
HOOD HINGE, 1970-72 CHEVELLE/EL CAMINO/MONTE CARLO, REPRO;2.36;518.16;139.7;81.28;63.74;13;[313, 300, 355, 400];4;[0];0
BOLT, FENDER TO BODY, 1978-87 G-BODY;0.05;38.1;25.4;25.4;0.84;14;[215, 274, 109, 25, 361, 403, 96, 155, 160, 288];8;[0];0
STOP CLIP, WINDSHIELD GLASS, 1968-72 A-BODY;0.0;91.44;58.42;7.62;8.49;15;[75, 379, 373, 175, 400, 84, 306, 252, 299, 39, 304];9;[0, 2];1
HARDWARE, INNER FENDER, 1964-72 CHEV/EL CAM/MONTE/GTO/ LEM/TEMP;0.64;119.38;86.36;43.18;22.94;16;[44, 53, 400, 233, 62, 95];0;[0];4
EMBLEM, HOOD, 1970-72 CHEVELLE/EL CAMINO, SS, COWL INDUCTION;0.18;157.48;48.26;20.32;33.99;17;[185, 313, 300, 400];10;[4];5
"HOOD HINGE BOLT, 1964-72 GM ""A"" BODY/RIVIERA/1967-76 BONN/CAT/GP, 8 PC KIT";0.23;83.82;60.96;5.08;33.99;18;[329, 302, 295, 44, 53, 400, 144, 134, 115, 166, 409, 113, 219, 176, 95];2;[0];2
HOOD HINGE, 1964 CHEVELLE/PONTIAC FULL SIZE/1964-67 PONTIAC/CUTLASS A-BODY;1.68;515.62;137.16;78.74;59.49;19;[360, 151, 204, 129, 48, 317, 303, 279, 428, 312, 14];4;[0];0
FASTENER SET, FRONT END, 1964-67 CHEVELLE/EL CAMINO;2.0;200.66;109.22;83.82;45.04;20;[19, 339];6;[0];2
FENDER BRACE, 1966-72 CHEVELLE/EL CAMINO/1970-72 MONTE CARLO;0.18;304.8;20.32;7.62;14.44;21;[203, 198, 400, 416];8;[0];-1
1978-87 EL CAMINO LICENSE PLATE POCKET;0.59;419.1;223.52;93.98;67.99;22;[361, 408];11;[5];5
VACUUM ACTUATOR ASSEMBLY, COWL INDUCTION, 1970-72 CHEVELLE/EL CAMINO/MONTE;0.18;83.82;66.04;45.72;28.04;23;[313, 300, 400];12;[-1];-1
SEAL, INNER FENDERWELL A-ARM, 1968-72 CHEVELLE/EL CAMINO/MONTE CARLO, PLASTIC;0.05;205.74;50.8;48.26;10.19;24;[373, 175, 400];5;[2];-1
FLOW CONTROL VALVE, COWL INDUCTION, 1970-72 CHEVELLE/EL CAMINO/MONTE CARLO;0.0;114.3;101.6;12.7;21.24;25;[313, 300, 400];13;[6];-1
CABLES, TAILGATE, 1978-87 EL CAMINO;0.14;345.44;38.1;12.7;16.99;26;[361];14;[7];6
HOOD SCREEN, 1970-72 CHEVELLE/EL CAMINO, SS, COWL INDUCTION (PREMIUM REPRO);0.27;685.8;101.6;12.7;22.94;27;[313, 300, 400];12;[-1];-1
FLOOR PAN PATCH, 1978-88 G-BODY;4.17;1117.6;774.7;142.24;76.49;28;[215, 274, 109, 25, 361, 403, 96, 155, 288];15;[0];4
HOOD DOOR SCREWS, 1970-72 CHEVELLE/EL CAMINO, SS, COWL INDUCTION, W/BUSHINGS;0.0;50.8;50.8;12.7;8.49;29;[313, 300, 400];16;[-1];-1
SWITCH, AIR CONTROL VALVE SOLENOID/TRANSMISSION KICKDOWN;0.09;109.22;63.5;63.5;33.99;30;[75, 183, 248, 178, 322, 407, 142, 28, 195, 443, 210];17;[-1];-1
INSULATION PAD, FIREWALL, 1968-72 A-BODY, W/AC;1.32;337.82;149.86;101.6;42.49;31;[75, 373, 175, 400, 306, 252, 299, 39, 304];7;[3];3
SEAL, COWL INDUCTION FLANGE, 1970-72 CHEVELLE/EL CAMINO;0.59;508.0;508.0;71.12;28.04;32;[20, 313, 444, 300, 400];18;[2];-1
SUPPORTS, COWL HOOD DOOR 1970-72 CHEVELLE/EL CAMINO, SS, COWL INDUCTION;0.14;101.6;86.36;27.94;28.04;33;[313, 300, 400];1;[-1];-1
INNER FENDERWELL, 1968-72 CHEVELLE/EL CAMINO, PLASTIC;2.72;1143.0;533.4;254.0;93.49;34;[373, 175];8;[5];0
BRACKET, 70-72 COWL IND. THROTTLE SWITCH/68-77 TURBO 400 TRANS KICKDOWN SWITCH;0.09;101.6;50.8;25.4;16.99;35;[75, 301, 183, 248, 178, 42, 407, 142, 28, 299, 39, 304];12;[-1];-1
TRUNK LID LATCH MECHANI,64-72 GM A-BODY/1959-70 BONN/CAT/GP/1961-63 GM Y-BODY;0.14;101.6;101.6;12.7;22.94;36;[442, 379, 44, 321, 400, 170, 207, 421, 165, 371, 92, 159, 284, 305, 233, 172, 180];19;[0];-1
SEAL, INNER FENDERWELL A-ARM, 1966-67 CHEVELLE/EL CAMINO;0.36;177.8;86.36;55.88;9.34;37;[187, 270];5;[2];-1
SEAL, INNER FENDERWELL A-ARM, 1964-65 CHEVELLE/EL CAMINO;0.05;187.96;81.28;33.02;8.49;38;[90, 121];5;[2];-1
HOOD LOCK, 1970-72 CUTLASS, OAI/W-25;0.18;71.12;68.58;68.58;39.94;39;[94];20;[0];-1
HOOD HINGES, W/SPRINGS, 1970-72 CHEVELLE/EL CAMINO, HD SPRINGS;5.44;508.0;139.7;127.0;135.99;40;[281, 234, 358, 313, 300, 355, 416];4;[0];0
SUPPORT, VACUUM ACTUATOR, COWL INDUCTION, 70-72 CHEVELLE, EL CAMINO, MONTE;0.27;152.4;81.28;22.86;15.29;41;[313, 300, 400];21;[0];0
TAILGATE CABLE KIT, 1968-77 EL CAMINO, 8 PC;0.41;111.76;81.28;20.32;42.49;42;[248];22;[0];-1
INNER FENDERWELL, 1968-72 CHEVELLE/EL CAMINO;4.58;1143.0;533.4;533.4;122.39;43;[373, 175];8;[0];4
PATCH PANEL, FENDER, 1970-72 CUTLASS;1.5;426.72;342.9;76.2;107.94;44;[94];23;[0];4
HOOD DOOR, 1970-72 CHEVELLE/EL CAMINO, SS, COWL INDUCTION;1.04;477.52;76.2;43.18;50.14;45;[313, 300, 400];1;[-1];-1
1970-72 MONTE CARLO FENDER;18.6;1778.0;736.6;431.8;424.14;46;[400];8;[0];4
AIR CLEANER, 1970-72 COWL INDUCTION;3.63;693.42;502.92;134.62;127.49;47;[143, 313, 300, 400, 416];18;[8];2
FLANGE, COWL INDUCTION, METAL, 1970-72 CHEVELLE/EL CAMINO/MONTE CARLO;0.5;508.0;508.0;12.7;28.04;48;[313, 300, 400];13;[0];0
HOOD HINGES, W/SPRINGS, 1968-72 GTO/TEMPEST/LEMANS, W/O ENDURA BUMPER;5.44;508.0;139.7;127.0;106.24;49;[299, 39, 304];4;[0];0
HOOD, STEEL, 1978-87 EL CAMINO/1978-83 MALIBU, 2 INCH COWL INDUCTION;31.75;1612.9;1473.2;190.5;334.04;50;[361, 403, 408];2;[0];4
INNER FENDERWELLS, 1968-72 CHEVELLE/EL CAMINO, PAIR;9.16;1143.0;533.4;533.4;244.79;51;[373, 175];8;[0];4
RETAINER SET, COWL INDUCTION VALVE FRAME FLAPPER, 3-PC;0.0;152.4;152.4;25.4;7.22;52;[20, 313, 38, 300, 400];1;[-1];-1
RELAY, COWL INDUCTION, 1970-72 CHEVELLE/EL CAMINO, FIREWALL;0.09;68.58;66.04;50.8;25.49;53;[313, 300, 400];17;[-1];-1
SCREW KIT, 1964-72 EL CAMINO, TAILGATE REAR PANEL, 56 PC;0.05;93.98;71.12;7.62;14.44;54;[53];14;[-1];-1
PATCH PANEL, 68-9 CHEVELLE, 68-72 EL CAM FRONT FENDER (BEHIND WHEEL WELL);0.68;381.0;279.4;127.0;50.99;55;[99, 175];8;[0];4
SOLENOID, COWL INDUCTION SYSTEM, 1970-72 CHEVELLE/EL CAMINO;0.18;88.9;68.58;68.58;36.54;56;[20, 313, 300, 400];4;[6, 8];-1
RETAINER PLATE FOR HOOD PIN LOCKS, 1970-72 CUTLASS, RAM AIR OAI/W-25;0.0;38.1;22.86;5.08;11.89;57;[94];2;[-1];-1
WIRING HARNESS, COWL INDUCTION, 1970-72 CHEV./EL CAM.;0.09;160.02;134.62;27.94;56.09;58;[313, 300, 400];24;[-1];-1
HOOD HINGE SPRING, 1969-72 CUTLASS/SKYLARK, W/STEEL HOOD;0.23;147.32;35.56;35.56;16.99;59;[46, 55];2;[0];1
DRAIN PLUGS, REAR SEAT FLOOR PAN, 1968-72 A-BODY;0.14;78.74;55.88;10.16;16.99;60;[75, 373, 400, 306, 252, 299, 39, 304];25;[-1];-1
BUMPER, REAR LATCH, 1961-68 B-O-P WAGON, 1964-67 CH WGN/EC;0.05;25.4;12.7;12.7;4.58;61;[344, 82, 37, 106, 68, 162, 15, 19, 339, 435, 433, 228, 241, 245];26;[0];3
FENDER, 1969 CHEVELLE/EL CAMINO;14.97;1727.2;812.8;350.52;283.04;62;[190, 345];8;[0];4
FLOOR PAN, QUARTER SECTION, 1968-72 A-BODY (EXC EL CAMINO);4.54;850.9;769.62;139.7;67.99;63;[75, 373, 400, 306, 299, 39, 304];15;[0];4
CAGE, COWL INDUCTION FRAME, 1970-72 CHEVELLE/EL CAMINO/MONTE CARLO;0.36;510.54;104.14;99.06;28.04;64;[20, 313, 300, 400];13;[0];-1
FLAPPER, VALVE FRAME, PLASTIC/AUTHENTIC REPRO, 70-72 CHEV/EL CAMINO/MONTE CARLO;0.05;457.2;73.66;5.08;11.64;65;[20, 313, 353, 300, 400];13;[6];-1
VALVE TO HOOD FRAME MOUNT SCREWS;0.0;152.4;152.4;25.4;11.04;66;[313, 300];12;[-1];-1
HOOD LOCK BRACKETS, 1970-72 CUTLASS, OAI/W-25;0.36;137.16;106.68;50.8;55.24;67;[94];2;[-1];-1
HOOD CATCH, 1970-72 CHEVELLE/EL CAMINO/MONTE CARLO, W/PIN/SPRING;0.59;154.94;134.62;119.38;41.64;68;[313, 300, 400, 416];2;[0];1
PANEL, REAR WINDOW TO TRUNK, 1966-67 GTO/CUTLASS/SKYLARK COUPE;4.54;1384.3;528.32;38.1;73.94;69;[201, 4, 410, 222, 382];27;[0];4
HOOD INSERTS, 1967 CHEVELLE/EL CAMINO, SS;2.95;543.56;137.16;99.06;100.29;70;[374, 74];2;[4];5
BODY BUMPER, DOOR, 1963-65 RIVIERA /1964-65 SKYLARK;0.0;30.48;30.48;30.48;8.49;71;[363, 196, 120, 388, 386];26;[0];3
HOOD HINGE, 1968-72 LEMANS/TEMPEST/GTO / 1969-70 BONNEVILLE/CATALINA;2.09;449.58;149.86;66.04;53.54;72;[239, 34, 299, 39, 304];4;[0];0
FLOOR PAN, QUARTER SECTION, 1964-67 A-BODY (EXC EL CAMINO);4.54;850.9;769.62;139.7;67.99;73;[209, 19, 48, 428, 312, 14];15;[0];4
COVERS, TAILGATE HINGE, 1964-67 EL CAMINO;0.05;38.1;25.4;5.08;11.89;74;[339];12;[-1];-1
TRUNK PAN, CENTER, 1968-72 A-BODY/1969-72 GRAND PRIX, 1 PIECE;4.54;1031.24;497.84;160.02;76.49;75;[75, 373, 400, 306, 252, 299, 39, 304];28;[0];4
1970-72 CUTLASS 442 FRONT FENDER;14.06;1905.0;838.2;304.8;407.99;76;[94];8;[0];4
SPRINGS, TAILGATE CABLE, 1978-87 EL CAMINO;0.05;76.2;76.2;12.7;3.39;77;[361];14;[0];1
PANEL, OUTER COWL, 1968-72 A-BODY;1.36;660.4;279.4;139.7;55.24;78;[75, 373, 175, 400, 306, 252, 299, 39, 304];29;[0];4
RETAINER, TRUNK LOCK, 1968-72 CHEVELLE/70-72 MONTE CARLO & SKYLARK;0.0;86.36;55.88;10.16;16.99;79;[342, 373, 400];30;[0];1
HOOD INSERTS, 1968-69 CHEVELLE/EL CAMINO, SS;1.04;271.78;137.16;63.5;101.99;80;[99, 217];2;[4];5
REPAIR PANELS, T-TOP, 1978-88 G-BODY, IMPORT;1.36;1168.4;101.6;50.8;254.99;81;[215, 274, 109, 25, 96, 155, 288];31;[0];4
PANEL, REAR WINDOW TO TRUNK, 1968-72 CHEVELLE, 70-72 MONTE, 69-70 GP;3.63;1320.8;248.92;50.8;39.09;82;[373, 400, 108];27;[0];4
BRACKETS, HEADLIGHT EXTENSION MOUNTING, 1970 CHEVELLE;0.09;68.58;58.42;38.1;21.24;83;[45, 213];2;[-1];-1
FLOOR BRACE, TRUNK, 1964-67 A-BODY;0.86;177.8;121.92;22.86;28.04;84;[209, 19, 48, 428, 312, 14];32;[0];4
DOOR SHELL, 1970-72 CHEVELLE;11.34;1353.82;744.22;241.3;368.04;85;[313];33;[0];4
PATCH PANEL, REAR QUARTER, 1968-72 EL CAMINO, LOWER;1.36;889.0;254.0;25.4;50.99;86;[175, 416];34;[0];4
1971-72 CHEVELLE FRONT FENDER;13.97;1612.9;787.4;330.2;254.99;87;[391];8;[0];4
1970-72 CHEVELLE COUPE COMPLETE QUARTER PANEL;29.48;2159.0;1041.4;381.0;364.64;88;[313];34;[0];4
HOOD HINGE SPRING, 1966-72 CHEVELLE/EL CAMINO, EXCEPT SS/COWL INDUCTION;0.54;228.6;45.72;45.72;16.99;89;[203, 198, 355, 51, 290];2;[0];1
GROMMET, FIREWALL, 1968-72 GM, 1 HOLE;0.05;25.4;25.4;5.08;8.49;90;[214, 75, 373, 253, 175, 400, 306, 252, 299, 39, 304];35;[2];-1
1970 CHEVELLE FRONT FENDER;13.97;1600.2;812.8;350.52;254.99;91;[45];8;[0];4
QUARTER PANEL, 1968-72 EL CAMINO, COMPLETE;29.48;2540.0;1066.8;254.0;382.49;92;[175, 416];34;[0];4
INNER FENDERWELLS, 1970-72 CUTLASS/442, BLACK;4.76;1143.0;533.4;533.4;254.99;93;[94];26;[1];0
HOOD, STEEL, 1970-72 CHEVELLE/EL CAMINO, SS;45.36;1676.4;1498.6;177.8;339.99;94;[313, 300, 416];2;[0];4
TRUNK LID, 1968-72 CHEVELLE/MONTE CARLO/SKYLARK, STEEL;27.22;1371.6;812.8;127.0;169.99;95;[342, 373, 400];28;[0];4
FLOOR PAN, TRUNK, 1964-67 B.O.P. A-BODY, SIDE SECTION;3.22;1079.5;528.32;114.3;55.24;96;[209, 48, 428, 312, 14];30;[0];4
SHIM SET, COWL INDUCTION, 70-72 CHEVELLE/EL CAMINO, 8-PC;0.09;58.42;25.4;7.62;16.99;97;[313, 300, 400];24;[-1];-1
HOOD, STEEL, 1970-72 CHEVELLE/EL CAMINO, COWL INDUCTION;45.36;1676.4;1498.6;177.8;339.99;98;[313, 300];2;[0];4
FENDER, 1968-69 GTO/LEMANS/TEMPEST;15.42;1752.6;838.2;431.8;382.49;99;[220, 88, 432];8;[0];4
VENT PANEL, FRONT LOWER COWL, 1968-72 A-BODY;2.04;685.8;304.8;228.6;152.14;100;[75, 373, 175, 400, 306, 299, 39, 304];26;[0];4
STRAPS, TAILGATE SUPPORT, 1964-67 EL CAMINO, W/ HARDWARE;1.81;304.8;101.6;50.8;110.49;101;[339, 416];36;[0];4
PATCH PANEL, TOE BOARD, 1964-67 GM A-BODY;1.27;762.0;406.4;76.2;59.49;102;[209, 19, 339, 48, 428, 312, 14];37;[0];4
HOOD HINGE, 81-88 MONTE CARLO;1.22;386.08;116.84;109.22;96.04;103;[364];4;[0];0
QUARTER PANEL, 1968-69 GTO/TEMPEST/LEMANS, COUPE, COMPLETE;21.32;2235.2;1054.1;254.0;390.99;104;[220, 88, 432];34;[0];4
HOOD LATCH, 1978-88 G-BODY;0.41;162.56;81.28;78.74;12.74;105;[215, 274, 109, 25, 361, 403, 96, 408, 155, 160, 288];2;[0];1
PATCH PANEL, 68-9 CHEVELLE, 68-72 EL CAM REAR QTR WHEEL OPENING;1.36;952.5;406.4;50.8;50.99;106;[99, 175];34;[0];4
FLOOR PAN, COMPLETE, 1978-88 G-BODY 2DR;22.68;1854.2;1219.2;304.8;322.99;107;[215, 274, 109, 25, 361, 403, 96, 155, 288];25;[0];4
HOOD INSTALLATION SET, 1978-88 G-BODY EXC. BUICK;2.04;254.0;152.4;101.6;67.14;108;[403, 96, 408, 155, 307, 288];13;[0];4
FENDER, 1968-69 CUTLASS;14.06;1905.0;838.2;304.8;467.49;109;[237];8;[0];4
FILLER PANEL, TRUNK INNER, 1966-67 CHEVELLE;0.91;838.2;287.02;152.4;39.09;110;[187];28;[0];4
HOOD SCOOP INSERTS, 1965-67 GTO;0.95;332.74;167.64;58.42;71.39;111;[381, 122, 436];2;[0];4
PATCH PANEL, TOE BOARD, 68-72 GM A-BODY;1.27;762.0;406.4;76.2;67.99;112;[75, 373, 175, 400, 306, 252, 299, 39, 304];37;[0];4
"PATCH PANEL, REAR WHEEL OPENING, 1964-65 CHEVELLE, 34"" X 13""";1.13;863.6;330.2;38.1;50.99;113;[90, 121];34;[0];4
LIFT PANEL, FRONT BED FLOOR, 1968-72 EL CAMINO;8.85;1498.6;609.6;2.54;101.99;114;[175];36;[0];4
PATCH PANEL, REAR LOWER QUARTER PANEL, 1970-72 CHEVELLE;1.72;800.1;254.0;50.8;48.44;115;[313];34;[0];4
HOOD INSERTS, 1966 CHEVELLE/EL CAMINO, SS, W/HOUSINGS;7.03;609.6;190.5;152.4;229.49;116;[283, 423];2;[4];5
HOOD, STEEL, 1978-87 EL CAMINO/1978-83 MALIBU, STANDARD;23.59;1600.2;1422.4;101.6;195.49;117;[361, 403, 408];2;[0];4
HOOD, STEEL, 1968-70 GTO, SCOOP STYLE, W/RAM AIR;32.66;1625.6;1422.4;152.4;467.49;118;[319, 294, 304];2;[0];4
INNER FENDERWELL, 1966-67 GTO/LEMANS/TEMPEST;5.44;1143.0;533.4;533.4;138.54;119;[410, 222, 382];8;[0];4
HOOD, STEEL, 1965-67 GTO;32.66;1544.32;1422.4;160.02;424.99;120;[381, 122, 436];2;[0];4
BOLT, HOOD HINGE SPRING LOWER, 1978-88 G-BODY EXC. BUICK;0.0;25.4;25.4;25.4;4.24;121;[403, 96, 408, 155, 307, 288];6;[0];-1
VALANCE PANEL, FRONT, 1970 CHEVELLE/EL CAMINO & 1970-72 MONTE CARLO;2.27;1793.24;287.02;45.72;67.99;122;[45, 213, 400];38;[0];4
FENDER, 1965 GTO/TEMPEST/LEMANS;11.79;1574.8;736.6;355.6;382.49;123;[67, 10, 6];8;[0];4
"FUEL TANK BRACE, 1968-72 GM ""A"" BODY (PREMIUM RESTOPARTS)";0.95;934.72;177.8;152.4;39.09;124;[75, 373, 175, 400, 306, 252, 299, 39, 304];39;[9];0
1970-72 CUTLASS SUPREME AND 442 QUARTER PANEL;8.62;2070.1;787.4;254.0;203.99;125;[94];34;[0];4
HOOD HINGES, W/SPRINGS, 1969 CHEVELLE/EL CAMINO;5.44;508.0;139.7;127.0;101.99;126;[395, 275, 372, 190, 345, 439];4;[0];0
TRUNK LID CATCH, 1959-72 GM CARS;1.36;76.2;50.8;38.1;24.64;127;[168, 442, 266, 200, 255, 340, 101, 338, 134, 223, 7, 13, 233, 172, 180];19;[0];-1
CHANNEL, TRUNK WEATHERSTRIP, 1968-72 CHEVELLE & 1970-72 SKYLARK/MONTE CARLO;0.45;685.8;203.2;50.8;48.44;128;[342, 373, 400];30;[2];3
PANEL, REAR WINDOW TO TRUNK, 1968-72 GTO;3.18;1328.42;238.76;63.5;80.74;129;[299, 39, 304];27;[0];4
FENDER, 1966 CHEVELLE/EL CAMINO;12.25;1473.2;876.3;406.4;254.99;130;[283, 423];8;[0];4
INNER PANEL, TAILGATE, 1968-72 EL CAMINO;2.27;1341.12;325.12;38.1;98.59;131;[175];11;[0];4
BRACKET, BODY MOUNT, 1964-67 CHEVELLE/CUTLASS;0.23;106.68;101.6;66.04;28.04;132;[19, 48];26;[0];-1
BRACE SET, INNER ROOF, 1968-72 CHEVELLE COUPE;7.62;1447.8;177.8;76.2;223.54;133;[373];31;[0];-1
WHEELHOUSE, 1968-69 CHEVELLE, 1968-72 EL CAMINO, OUTER;1.81;1041.4;635.0;203.2;67.99;134;[99, 175, 416];40;[0];4
IMPACT STRIP, BUMPER, 1981-87 REGAL/T-TYPE/GRAND NATIONAL;0.45;863.6;177.8;25.4;144.49;135;[215, 274, 324, 25];41;[10];-1
FLOOR PAN, FRONT TO REAR SECTION, 1968-72 A-BODY EXC. EL CAMINO;6.8;1600.2;762.0;139.7;84.99;136;[75, 373, 400, 306, 299, 39, 304];15;[0];4
GASKET, TRUNK LOCK RETAINING CLIP, 1973-77 A-BODY;0.05;132.08;101.6;10.16;3.39;137;[342, 373, 400, 389, 298, 441, 212, 16, 287, 304];5;[2];-1
HOOD HINGE SPRING, 1973-77 CHEVELLE/EL CAMINO/MONTE CARLO/CUTLASS;1.41;228.6;50.8;50.8;11.89;138;[314, 375, 73, 389];2;[0];1
PANEL, REAR WINDOW TO TRUNK, 1970-72 SUPREME 2-DOOR COUPE;4.54;1397.0;317.5;45.72;84.99;139;[94];27;[0];4
1970-72 CHEVELLE TAIL PATCH PANEL;6.8;1778.0;279.4;152.4;110.49;140;[313];42;[0];4
1970 CHEVELLE LOWER REAR BUMPER FILLER PANEL;3.58;1727.2;165.1;96.52;56.09;141;[45];43;[0];4
COWL GRILLE PANEL, 1970-72 A-BODY, OUTER, WELD-THRU PRIMER;3.63;1524.0;406.4;38.1;152.14;142;[342, 313, 300, 400, 94, 157, 104, 334, 102];29;[0];4
HOOD HINGE, 1965-67 CHEVELLE/EL CAMINO;2.04;502.92;154.94;81.28;50.99;143;[379, 291, 422, 249, 437, 159];4;[0];0
QUARTER PANEL, 1966-67 GTO/TEMPEST/LEMANS, COUPE/CONVERTIBLE;9.53;2324.1;774.7;152.4;209.09;144;[410, 222, 382];34;[0];4
FLOOR PAN, UNDER REAR SEAT, 1968-72 A-BODY, HALF;4.08;762.0;571.5;203.2;67.99;145;[75, 373, 400, 306, 252, 299, 39, 304];25;[0];4
FENDER, 1968 CHEVELLE/EL CAMINO;15.33;2006.6;1778.0;342.9;288.99;146;[221, 114];8;[0];4
ROCKER PANEL, LOWER, 1968-72 A-BODY, STEEL;11.34;1722.12;127.0;116.84;80.74;147;[75, 373, 400, 306, 252, 299, 39, 304];44;[0];-1
GROMMET, FIREWALL, 1968-72 A-BODY/RIV/GP, 3-HOLE;0.23;45.72;45.72;25.4;12.32;148;[214, 75, 373, 253, 175, 400, 306, 252, 299, 39, 304];35;[2];-1
PATCH PANEL, BELOW REAR WINDOW, 1968-72 EL CAMINO;2.27;1498.6;78.74;45.72;50.14;149;[175];11;[0];-1
WEATHERSTRIP CHANNEL, 1970-72 CHEVELLE, COUPE, ROOFRAIL;1.5;1295.4;139.7;63.5;169.99;150;[313];45;[0];-1
1970-72 CHEVELLE FRONT FENDER PATCH PANEL;1.36;419.1;330.2;76.2;28.04;151;[313];8;[0];4
WHEELHOUSE, 1970-72 MONTE CARLO, REAR OUTER;2.95;1041.4;609.6;152.4;152.99;152;[400];12;[-1];-1
ROCKER PANEL, INNER, 1964-67 CHEVELLE COUPE/CONVERTIBLE;2.04;1765.3;101.6;12.7;53.54;153;[209, 19, 428, 312, 14];44;[0];-1
BOLT, HOOD LIFT SUPPORT, 1978-87 REGAL;0.05;50.8;25.4;25.4;4.24;154;[215, 274, 109, 25, 408, 333];6;[0];0
RADIATOR SUPPORT, 1968-69 CHEVELLE/EL CAMINO;9.98;1765.3;546.1;177.8;143.64;155;[99, 217];46;[0];4
PATCH PANEL, 66-67 CHEVELLE FRONT FENDER (BEHIND WHEEL WELL, 10.5 HIGH);0.45;330.2;304.8;50.8;50.99;156;[187, 270];8;[0];4
FLOOR PAN, 1973-77 A-BODY, 1/4 SECTIONS;5.44;690.88;670.56;259.08;97.74;157;[314, 73, 389, 28, 76, 318];12;[-1];-1
HOOD HINGES, W/SPRINGS, 1965-67 CHEVELLE/EL CAMINO;5.44;508.0;139.7;127.0;106.24;158;[17, 282, 379, 15, 291, 422, 249, 437, 159];4;[0];0
FILLER PANEL, TRUNK INNER, 1970-72 CHEVELLE;1.27;723.9;431.8;121.92;33.99;159;[313];28;[0];4
1981-88 MONTE CARLO 2 INCH COWL INDUCTION STEEL HOOD;39.46;1600.2;1574.8;228.6;361.24;160;[364];2;[0];4
PANEL, TAIL LIGHT, 1966 GTO;6.26;1823.72;393.7;177.8;161.49;161;[396];11;[0];4
SPOILER, JUDGE, 1969 GTO COUPE, REAR;3.63;1536.7;210.82;127.0;229.49;162;[59, 0, 267];47;[11];0
WHEELHOUSE, INNER, 1964-67 A-BODY COUPE/HARDTOP;1.36;1023.62;609.6;177.8;93.49;163;[209, 19, 48, 428, 312, 14];40;[0];4
PATCH PANEL, FENDER, 1968-69 CUTLASS;1.36;533.4;444.5;63.5;107.94;164;[237];23;[0];4
QUARTER PANEL, 1964-65 CHEVELLE, COMPLETE;13.06;2260.6;1054.1;228.6;360.39;165;[90];34;[0];4
HEADER PANEL, 1982-87 EL CAMINO;7.17;1722.12;325.12;254.0;169.99;166;[197, 369, 40];48;[0];4
FLOOR PAN, COMPLETE, 1964-67 A-BODY, W/ BRACES;31.75;1549.4;1397.0;203.2;484.49;167;[209, 19, 339, 48, 428, 312, 14];25;[0];4
FRAME RAIL, REAR SECTION, 1978-88 G-BODY 2DR EXC. EL CAMINO;12.7;889.0;203.2;127.0;152.99;168;[215, 274, 109, 25, 403, 96, 155, 397];49;[0];4
VALANCE PANEL, FRONT LOWER, 1966 CHEVELLE/EL CAMINO;1.72;1823.72;198.12;63.5;58.64;169;[283, 423];38;[0];4
CHANNEL, TRUNK WEATHERSTRIP, 1966-67 CHEVELLE/GTO/CUTLASS/SKYLARK;0.73;556.26;60.96;33.02;46.74;170;[201, 187, 4, 410, 222, 382];30;[2];3
BODY MOUNTS, FRONT FIREWALL, 1968-72 A-BODY EXC. PONTIAC, EDP;4.31;355.6;320.04;200.66;90.94;171;[75, 373, 175, 400, 306];35;[0];4
TAIL GATE, STEEL, 1978-87 EL CAMINO, REPRO;19.05;1574.8;812.8;279.4;381.64;172;[361, 408];36;[0];4
FENDER, 1970 GTO;18.05;1752.6;812.8;431.8;343.39;173;[348];8;[0];4
"GROMMET, FIREWALL, 1968-72 BUICK/CHEV/PONT/OLDS W/ AC, 2-1/4""";0.09;63.5;63.5;12.7;6.79;174;[214, 75, 373, 175, 400, 306, 252, 299, 39, 304];35;[2];-1
HOOD, STEEL, 1969 CHEVELLE/EL CAMINO, SS;45.36;1701.8;1539.24;137.16;339.99;175;[190, 345];2;[0];4
HOOD HINGE SPRINGS, 64-72 A-BODY, PAIR;1.36;0.0;0.0;0.0;25.49;176;[368, 365, 379, 238, 19, 313, 339, 300, 355, 400, 129, 416, 48, 56, 428, 127, 312, 78, 14];2;[0];1
SPOILER, 1970-72 GTO, REAR;4.99;1607.82;337.82;127.0;237.99;177;[104, 334, 102];47;[11];0
1966-67 CHEVELLE COUPE COMPLETE QUARTER PANEL;12.16;2387.6;863.6;304.8;335.74;178;[187];34;[0];4
HOOD, STEEL, 1966 CHEVELLE/EL CAMINO, SS;24.95;1397.0;1371.6;165.1;297.49;179;[283, 423];2;[0];4
HOOD LATCH SUPPORT, 1970 CHEVELLE/EL CAMINO, 70-72 MONTE CARLO;0.73;490.22;185.42;33.02;29.74;180;[45, 213, 400];2;[0];4
FENDER, 1982-87 EL CAMINO/MALIBU;18.14;1422.4;736.6;254.0;254.99;181;[197, 369, 40];8;[0];4
HOOD HINGES, W/SPRINGS, 1968 CHEVELLE/EL CAMINO;5.44;508.0;139.7;127.0;101.99;182;[61, 77, 173, 221, 114, 323, 79, 290];4;[0];0
COWL VENT GRILLE PANEL, 1964-67 A-BODY;1.68;1346.2;177.8;76.2;191.24;183;[209, 19, 339, 48, 428, 312, 14];26;[0];4
CORE SUPPORT, RADIATOR, 1968-69 G/T/L & 1970 GTO ONLY;27.22;1828.8;812.8;381.0;233.74;184;[319, 88, 432];46;[0];4
SPRING, HOOD POP, 1978-88 G-BODY;0.45;127.0;76.2;76.2;22.09;185;[215, 274, 109, 25, 361, 403, 96, 408, 155, 160, 288];4;[12];7
ROLL PAN, 1978-87 EL CAMINO, FIBERGLASS;2.95;1727.2;228.6;76.2;201.44;186;[361];12;[-1];-1
VALANCE PANEL, 1965 CH/EC, FRONT LOWER, STEEL;3.27;1752.6;213.36;81.28;80.74;187;[107, 43];38;[0];4
FUEL TANK BRACE, 1964-67 BOP, LH OR RH;0.91;934.72;127.0;83.82;37.39;188;[209, 48, 428, 312, 14];39;[9];0
PATCH PANEL, 66-67 CHEVELLE REAR QTR LOWER, (BEHIND WHEEL WELL, '37 WIDE);1.36;863.6;254.0;76.2;50.99;189;[187];34;[0];4
EXTENSION, FENDER, 1971-72 CHEVELLE;1.13;609.6;203.2;203.2;192.94;190;[391];8;[0];0
STUD, AIR CLEANER, 1970-72 CHEVELLE/EL CAMINO, COWL INDUCTION, W/ HOLLEY;0.09;88.9;7.62;7.62;8.49;191;[145, 313, 300, 242, 400, 327, 22, 97];20;[0];1
QUARTER PANEL, 1970-72 GTO/TEMPEST/LEMANS, COUPE/CONVERTIBLE;15.88;2032.0;762.0;381.0;209.09;192;[104, 334, 102];34;[0];4
BRACE, UPPER WINDSHIELD, 1970-72 A-BODY CONVERTIBLE;2.72;1346.2;101.6;76.2;140.24;193;[342, 313, 94, 104, 334, 102];50;[0];4
HOOD LATCH KIT, 1965-67 GTO/LEMANS/TEMPEST;0.68;162.56;91.44;88.9;42.49;194;[381, 122, 436];2;[0];1
"QUARTER PANEL, 1970-72 MONTE CARLO, 77"" LONG X 27"" HIGH";11.79;2006.6;685.8;266.7;209.09;195;[400];34;[0];4
ROOF PANEL, 1968-72 A-BODY COUPE/SEDAN, EXC. CUT SUPREME/MONTE CARLO;40.82;1625.6;1524.0;177.8;373.14;196;[75, 373, 306, 299, 39, 304];51;[0];4
EXTENSION, FENDER, 1970 EL CAMINO;0.86;482.6;289.56;68.58;71.39;197;[213];8;[0];4
"GROMMET, FIREWALL, 1968-72 A-BODY, SINGLE HOLE, 1-3/4"" DIA.";0.05;50.8;50.8;12.7;14.87;198;[75, 373, 175, 400, 306, 252, 299, 39, 304];35;[2];-1
QUARTER PANEL, 1966-67 CHEVELLE;9.07;2133.6;685.8;152.4;135.99;199;[187];34;[0];4
FENDER, 1967 CHEVELLE/EL CAMINO;18.14;1600.2;787.4;330.2;263.49;200;[374, 74];8;[0];4
BUMPER FILLER, 1981-87 REGAL/GRAND NATIONAL/T-TYPE, FRONT/REAR;3.86;914.4;304.8;203.2;118.99;201;[215, 274, 324, 25];12;[-1];-1
COVER, WASHER PUMP, 64-88 GM, PLASTIC;0.05;137.16;111.76;63.5;21.24;202;[236, 302, 346, 289, 431, 351, 158, 230, 419, 403, 12, 297, 261, 124, 218, 219, 176, 95];52;[1];-1
WHEELHOUSE, INNER, 1964-67 A-BODY COUPE/HARDTOP, PAIR;2.72;1036.32;617.22;198.12;186.99;203;[209, 19, 48, 428, 312, 14];40;[0];4
DOOR SHELL, 1978-85 EL CAMINO/MALIBU;18.14;1557.02;762.0;236.22;432.64;204;[269, 403, 293];33;[0];4
PILLAR WRAP, WINDSHIELD, 1966-67 CHEVELLE/G.T.L. COUPE;0.68;688.34;175.26;73.66;96.89;205;[187, 410, 222, 382];31;[0];4
HOOD CATCH, 1978-88 G-BODY;0.54;152.4;101.6;50.8;33.99;206;[215, 274, 109, 25, 403, 96, 408, 155, 307, 288];13;[0];0
PATCH PANEL, FRONT EDGE DASH, 1968-72 CHEVELLE/EL CAMINO/MONTE CARLO;1.81;1493.52;254.0;101.6;67.99;207;[373, 175, 400, 416];50;[0];4
TOP PLATE, RADIATOR SUPPORT, 1968 PONTIAC, BLACK;2.31;317.5;76.2;60.96;54.39;208;[65, 117, 383, 336, 331, 292];46;[0];0
1966-67 CHEVELLE COMPLETE DOOR SHELL, BARE;11.34;1303.02;655.32;190.5;339.99;209;[187];33;[0];4
LATCH SET, TAILGATE, 1968-72 EL CAMINO;1.13;675.64;106.68;73.66;73.94;210;[175];14;[-1];-1
WHEELHOUSE, INNER, 1968-72 A-BODY/1969-72 GRAND PRIX;2.72;1041.4;541.02;236.22;89.24;211;[75, 373, 400, 306, 252, 299, 39, 304];40;[0];4
FENDER, 1966 GTO/LEMANS/TEMPEST;27.22;1574.8;736.6;355.6;322.99;212;[396, 335, 141];8;[0];4
VALANCE PANEL, REAR BUMPER, 1971-72 CHEVELLE;3.18;1689.1;165.1;71.12;62.89;213;[391];43;[0];4
FLOOR BRACE, TRUNK, 1964-67 A-BODY, PAIR;1.04;0.0;0.0;0.0;56.09;214;[209, 19, 48, 428, 312, 14];32;[0];4
TRUNK LID, 1966-67 CHEVELLE, STEEL;22.68;1506.22;1010.92;139.7;254.99;215;[187];28;[0];4
FLOOR PAN, COMPLETE, 1970-72 A-BODY, W/O ROCKER PANELS;38.56;1879.6;1498.6;317.5;501.49;216;[342, 313, 400, 94, 104, 334, 102];25;[0];4
SUPPORT BRACKET, FENDER, 1970 CHEVELLE, RADIATOR SUPPORT;0.45;165.1;45.72;40.64;31.44;217;[45, 213];53;[-1];-1
SUPPORT, PACKAGE TRAY SIDE, 1968-72 CHEVELLE;0.59;457.2;355.6;152.4;64.59;218;[373];54;[0];-1
PADS, REAR SPOILER, 1969 GTO;0.0;246.38;55.88;7.62;5.09;219;[59, 0, 267];55;[2];-1
BUMPER FILLER SETS, 1974-76 DEVILLE/FLEETWOOD, REAR, 5PC;3.9;693.42;231.14;228.6;331.49;220;[35, 26];56;[11];0
GROMMET, FIREWALL, 1968-72 A-BODY, 69-72 GRAND PRIX, WIRE HARNESS;0.05;101.6;50.8;50.8;12.74;221;[75, 373, 175, 400, 306, 98, 299, 39, 304];57;[2];-1
QUARTER PANEL, 1968-69 CUTLASS-442;10.43;2014.22;736.6;215.9;198.04;222;[237];34;[0];4
FLOOR PAN, TRUNK, 1966-67 GTO/TEMPEST/LEMANS, COMPLETE;36.29;1663.7;1651.0;190.5;484.49;223;[410, 222, 382];28;[0];4
CHANNEL, TRUNK WEATHERSTRIP, 1964-65 CHEVELLE/GTO/CUTLASS/SKYLARK;0.59;495.3;43.18;25.4;59.49;224;[120, 90, 110, 23, 50, 69];30;[2];3
HEADER PANEL, 1968-69 CHEVELLE/EL CAMINO;4.08;1480.82;241.3;160.02;131.74;225;[99, 217];48;[0];4
HOOD, STEEL, 1967 CHEVELLE/EL CAMINO, SS;29.98;1676.4;1524.0;215.9;309.39;226;[374, 74];2;[0];4
1970 EL CAMINO AND CHEVELLE WAGON FRONT FENDER;14.06;1701.8;774.7;355.6;237.99;227;[45, 213];8;[0];4
FLOOR PAN, TRUNK, 1968-72 A-BODY, SIDE SECTION;3.22;1079.5;528.32;114.3;55.24;228;[75, 373, 400, 306, 252, 299, 39, 304];30;[0];4
GASKET, HOOD PIN PLATE, 1970-72 CHEVELLE/EL CAMINO, SS;0.05;66.04;66.04;5.08;4.24;229;[313, 300, 400];12;[-1];-1
FLOOR PAN, TRUNK, 1964-67 B.O.P. A-BODY, CENTER SECTION;3.22;1079.5;528.32;114.3;55.24;230;[209, 48, 428, 312, 14];30;[0];4
VALANCE PANEL, LOWER, 1968 CHEVELLE/EL CAMINO;1.81;254.0;177.8;63.5;67.99;231;[221, 114];38;[0];4
FLOOR PANS, TRUNK, 1964-67 CHEVELLE, LH, RH, CENTER & BRACES, 7-PC. SET;14.51;1219.2;990.6;254.0;229.49;232;[19];30;[0];4
COWL PANEL, LOWER WINDSHIELD, 1970-72 A-BODY;13.61;2095.5;241.3;203.2;313.64;233;[342, 313, 300, 400, 94, 157, 104, 334, 102];29;[0];4
FENDER BRACE, 1964-65 CHEVELLE/EL CAMINO;0.14;210.82;38.1;25.4;11.89;234;[90, 121];8;[0];-1
HOOD HINGE, 1965-67 CHEVELLE/EL CAMINO, PAIR;4.04;502.92;154.94;81.28;101.99;235;[379, 291, 422, 249, 437, 159];4;[0];0
WINDSHIELD CHANNEL, 1964-67 A-BODY;1.81;1447.8;101.6;25.4;55.24;236;[209, 19, 339, 48, 428, 312, 14];50;[0];4
HOOD PIN CLIP, 1970-72 CHEVELLE/EL CAMINO, SS;0.09;76.2;25.4;12.7;8.49;237;[313, 300, 400];12;[-1];-1
HEADER PANEL, FRONT, 1984-87 GRAND NATIONAL/GNX;2.04;1633.22;375.92;287.02;212.49;238;[274, 320, 316];48;[0];4
FENDER, 1978-81 EL CAMINO/MALIBU;13.61;1397.0;762.0;228.6;254.99;239;[184, 425, 226];8;[0];4
HEADER PANEL, STEEL, 1967 GTO;2.72;1409.7;215.9;203.2;99.44;240;[193, 169, 36];48;[0];4
VALANCE PANEL, FRONT LOWER, 1969 CHEVELLE/EL CAMINO;3.63;1800.86;292.1;63.5;59.49;241;[190, 345];38;[0];4
HOOD, STEEL, 1965 CHEVELLE/EL CAMINO;34.02;1460.5;1422.4;139.7;390.99;242;[107, 43];2;[0];4
HOOD LATCH, 1968-70 GTO, OUTSIDE RELEASE;0.68;157.48;147.32;73.66;55.24;243;[268, 319, 294, 304];2;[0];1
HOOD, STEEL, 1966 CHEVELLE/EL CAMINO, W/2 INCH COWL;22.68;1422.4;1422.4;203.2;311.09;244;[283, 423];2;[0];4
DOOR HINGE PILLAR, W/KICK PANEL, 1970-72 A-BODY CONVERTIBLE;9.98;1277.62;642.62;215.9;291.54;245;[342, 313, 94, 104, 334, 102];58;[0];4
WHEELHOUSE, INNER, 1968-72 A-BODY, PAIR;5.44;1041.4;541.02;236.22;178.49;246;[75, 373, 400, 306, 252, 299, 39, 304];40;[0];4
FENDER BRACE, 1966-72 CHEVELLE/EL CAMINO/1970-72 MONTE CARLO, PAIR;0.32;304.8;20.32;15.24;29.74;247;[203, 198, 400];8;[0];-1
WHEEL HOUSE, INNER/OUTER, 1970-72 CHEVELLE COUPE;9.53;1041.4;647.7;355.6;169.99;248;[313];34;[0];4
1969 CHEVELLE COMPLETE QUARTER PANEL;12.61;2133.6;1117.6;266.7;347.64;249;[190];34;[0];4
1966-67 CHEVELLE COMPLETE TRUNK FLOOR;20.41;1549.4;1346.2;203.2;424.99;250;[187];28;[0];4
VALANCE PANEL, FRONT, 1967 CHEVELLE/EL CAMINO;1.81;1841.5;185.42;63.5;59.49;251;[374, 74];38;[0];4
BRACE, FLOOR PAN, 1964-69 A-BODY, FRONT;3.08;1498.6;210.82;109.22;80.74;252;[149, 338, 424, 326, 18, 412];59;[0];0
RADIATOR SUPPORT, 1970 CHEVELLE/EL CAMINO;9.98;1747.52;515.62;139.7;126.64;253;[45, 213];46;[0];4
INNER FILLER, TRUNK, 1966-67 PONTIAC A-BODY;0.95;960.12;266.7;114.3;67.99;254;[410, 222, 382];60;[0];4
PATCH PANEL, 64-65 CHEVELLE REAR QTR LOWER, (BEHIND WHEEL WELL);1.04;749.3;203.2;50.8;50.99;255;[90];34;[0];4
1968-72 CHEVELLE STEEL PACKAGE TRAY PANEL;7.71;1277.62;662.94;96.52;181.89;256;[373];61;[0];4
FILLER PANEL, FRONT END, 1967 GTO, KIT;4.17;1447.8;292.1;223.52;135.14;257;[193, 169, 36];62;[0];4
COWL GRILLE PANEL, 1968-69 A BODY, OUTER, WELD-THRU PRIMER;5.44;1536.7;419.1;114.3;152.99;258;[366, 99, 217, 237, 18, 220, 88, 432];29;[0];4
SUPPORTS, BUMPER IMPACT, 1981-87 REGAL, FRONT;0.5;304.8;203.2;152.4;76.49;259;[215, 274, 324, 25];55;[8];-1
TRUNK FLOOR, COMPLETE, 1964-65 CHEVELLE;31.75;1549.4;1397.0;203.2;399.49;260;[90];28;[0];4
FENDER, 1965 CHEVELLE/EL CAMINO;16.69;1511.3;736.6;363.22;331.49;261;[107, 43];8;[0];4
SAIL PANEL, INNER, 1978-87 EL CAMINO;0.64;553.72;55.88;53.34;56.09;262;[361, 408];26;[0];4
HOOD SCOOP INSERTS, NON-FUNCTIONAL, 1968-70 GTO W/O RAM AIR;1.32;177.8;142.24;63.5;93.49;263;[319, 294, 304];2;[0];4
PANEL, LOWER TRUNK FILLER, 1964-65 CHEVELLE;2.72;711.2;88.9;88.9;46.74;264;[90];28;[0];4
1970 CHEVELLE FRONT FENDER EXTENSION;0.45;482.6;304.8;76.2;57.79;265;[45];8;[0];4
BRACKETS, RADIATOR SUPPORT BUSHING, 1970-72 CHEVELLE/EL CAMINO/MONTE;0.45;152.4;101.6;76.2;33.99;266;[313, 300, 400];63;[0];0
PATCH PANEL, BELOW REAR WINDOW, 1964-67 EL CAMINO;2.04;1524.0;127.0;22.86;50.14;267;[339];11;[0];-1
PATCH PANEL, TAILLIGHT PANEL, 1967 GTO;6.8;1790.7;317.5;210.82;237.99;268;[193, 169, 36];11;[0];4
BUMPER FILLER KIT, 1979-85 ELDORADO;2.04;469.9;464.82;271.78;407.99;269;[128];56;[11];0
FLOOR PANS, TRUNK, 1968-72 A-BODY, LH/RH/CENTER & BRACES, 7-PC. SET;14.51;1219.2;990.6;254.0;257.54;270;[75, 373, 400, 306, 252, 299, 39, 304];30;[0];4
HINGES, TAILGATE, 1968-72 EL CAMINO;3.81;284.48;116.84;78.74;167.44;271;[175, 416];36;[0];4
"CORE SUPPORT, 1966-67 GTO, W/O A/C, 15-1/2"" TALL RADIATOR";9.07;1442.72;579.12;350.52;237.99;272;[410, 222, 382];46;[0];4
PATCH PANEL, QUARTER PANEL, 1969 CHEVELLE, LOWER;1.36;889.0;254.0;25.4;50.99;273;[190];34;[0];4
CATCH, TRUNK LID, 1970-72 CHEVELLE/MONTE CARLO;0.14;60.96;45.72;5.08;14.44;274;[413, 313, 357, 400, 440, 21];19;[0];-1
RADIATOR SUPPORT, 1966 CHEVELLE/EL CAMINO;9.07;1391.92;571.5;114.3;122.39;275;[283, 423];46;[0];4
PATCH PANELS, LOWER REAR QUARTER, 1966-67 CHEVELLE, PAIR;2.99;863.6;508.0;76.2;101.99;276;[187];34;[0];4
ROOF PANEL, 1968-72 EL CAMINO;27.22;1422.4;914.4;152.4;294.94;277;[175, 416];51;[0];4
PATCH PANEL, B-PILLAR T-TOP ROOF, 1978-88 G-BODY;1.36;558.8;457.2;165.1;67.99;278;[215, 274, 109, 25, 96, 155, 288];31;[0];4
DOOR SHELL, 1966-67 GTO;13.61;1422.4;533.4;177.8;376.54;279;[410, 222, 382];33;[0];4
PANEL, TAIL PATCH, 1965 CHEVELLE;4.54;1765.3;266.7;177.8;232.89;280;[107];42;[0];4
CUSHION, BUMPER GUARD, 1981-87 REGAL, FRONT;0.14;203.2;63.5;63.5;28.04;281;[215, 274, 324, 25];41;[2];3
CUSHION, BUMPER GUARD, 1981-87 REGAL, REAR;0.14;203.2;63.5;63.5;28.04;282;[215, 274, 324, 25];41;[2];3
BRACE, REAR FLOORPAN, 1964-67 A-BODY, 18 GAUGE;4.54;1488.44;114.3;109.22;93.49;283;[209, 19, 53, 48, 428, 312, 14];59;[0];0
WHEELHOUSE, OUTER, 1966-67 CHEVELLE/EL CAMINO, STEEL;2.95;889.0;596.9;172.72;53.54;284;[187, 270];40;[0];4
FLOOR PAN, REAR UNDERSEAT, 1968-72 A-BODY;7.26;1511.3;566.42;223.52;73.94;285;[75, 373, 400, 306, 98, 299, 39, 304];25;[0];4
PANEL, TAIL PATCH, 1964-65 CHEVELLE, CENTER SECTION;2.72;1016.0;152.4;101.6;127.49;286;[90];42;[0];4
HOOD LATCH, 1967 CHEVELLE/EL CAMINO;1.22;350.52;177.8;63.5;84.99;287;[374, 74];2;[0];1
TAILGATE SHELL, 1969-72 EL CAMINO, W/ BACK-UP LIGHT HOLES;24.95;1574.8;812.8;279.4;258.39;288;[352];11;[0];4
RADIATOR SUPPORT, 1965 CHEVELLE/EL CAMINO;11.34;1727.2;508.0;152.4;186.99;289;[107, 43];46;[0];4
WEATHERSTRIP CHANNEL, 1966-67 CHEVELLE, COUPE, ROOFRAIL;1.81;1295.4;152.4;63.5;169.99;290;[187];45;[0];-1
FENDER EXTENSION, 1970 CHEVELLE, PAIR;0.91;482.6;304.8;152.4;115.59;291;[45];8;[0];4
BRACE, FLOOR PAN, 1964-69 A-BODY, MIDDLE;3.08;1498.6;210.82;109.22;80.74;292;[149, 338, 424, 326, 18, 412];59;[0];0
INNER FENDERWELLS, 1967 CHEVELLE/EL CAMINO, PAIR;13.61;1143.0;533.4;533.4;245.64;293;[374, 74];8;[0];4
PATCH PANEL, REAR QUARTER, 1970-72 CHEVELLE, BEHIND REAR WHEEL;2.72;952.5;406.4;50.8;45.89;294;[313];64;[0];4
BRACE, TAIL PANEL, 1964-65 CHEVELLE, TRUNK LATCH;1.13;203.2;152.4;50.8;25.49;295;[90];11;[0];4
WHEELHOUSE, OUTER, 1970-72 OLDSMOBILE COUPE;1.45;1117.6;660.4;254.0;101.99;296;[94];40;[0];4
FILLER PANEL, TRUNK INNER, 1969 CHEVELLE;0.82;685.8;292.1;101.6;33.99;297;[190];28;[0];4
TRUNK LID, 1970-72 CUTLASS, CONVERTIBLE, STEEL;27.22;1600.2;939.8;152.4;356.99;298;[94];30;[0];4
HOOD LATCH, 1966 CHEVELLE/EL CAMINO;1.22;284.48;187.96;111.76;84.99;299;[283, 423];2;[0];1
PANELS, COWL REINFORCEMENT, 1968-72 CHEV/EL CAM/MONTE CARLO, ROCKER TO COWL;3.18;548.64;408.94;101.6;124.09;300;[373, 175, 400];26;[0];4
PATCH PANEL, FRONT QUARTER PANEL, 1970-72 CHEVELLE;1.77;673.1;533.4;50.8;42.49;301;[313];26;[0];4
INNER FENDERWELLS, 1968-69 GTO/LEMANS/TEMPEST/1969-72 GRAND PRIX, PAIR;4.54;1143.0;533.4;533.4;207.39;302;[252, 220, 88, 432];8;[0];4
FILLER PANEL, TRUNK SIDE, 1968 CHEVELLE;0.91;685.8;292.1;139.7;37.39;303;[221];28;[0];4
PATCH PANEL, LOWER FRONT QUARTER PANEL, 1984-88 MONTE CARLO;1.0;365.76;355.6;71.12;62.04;304;[119];34;[0];4
BODY BRACE, TRUNK, 1968-72 A-BODY;1.41;952.5;134.62;109.22;31.44;305;[75, 373, 400, 306, 252, 299, 39, 304];32;[0];4
CABLES, TAILGATE, 1968-77 EL CAMINO;0.09;457.2;10.16;5.08;12.74;306;[248, 408];14;[7];6
PLATE, AIR BOX TOP, 1983-88 MONTE CARLO SS, STAINLESS STEEL;3.4;660.4;203.2;50.8;109.64;307;[54];65;[0];-1
ROCKER PANEL, OUTER, 1968-72 EL CAMINO;5.67;1905.0;180.34;139.7;118.99;308;[175, 416];44;[0];-1
TRUNK LID, 1969 GTO/TEMPEST/LEMANS, W/ SPOILER HOLES, STEEL;18.14;1371.6;889.0;177.8;358.69;309;[59, 0, 267];27;[0];4
QUARTER PANEL, 1970-72 CUTLASS, SUPREME, 442 CONV. COMPLETE;22.68;2235.2;711.2;304.8;424.14;310;[94];34;[0];4
INNER FENDERWELL, 1965 CHEVELLE/EL CAMINO;4.54;1143.0;533.4;533.4;124.94;311;[107, 43];8;[0];4
FILLERS, TAIL LAMP BEZEL, 1974-76 ELDORADO;0.95;601.98;167.64;35.56;229.49;312;[186];56;[11];0
SPOILER, FRONT, FIBERGLASS, 1970-72 GSX;1.36;1701.8;381.0;152.4;164.04;313;[342];2;[-1];-1
FLOOR PANS, TRUNK, 1964-67 GTO/SKYLARK/CUTLASS, 7-PC. SET;14.51;1117.6;838.2;279.4;254.14;314;[209, 48, 428, 312, 14];30;[0];4
FRAME RAIL, REAR, 1978-87 EL CAMINO, REAR SECTION;12.7;889.0;203.2;127.0;152.99;315;[361];49;[0];4
QUARTER PANEL SKIN, 1981-88 MONTE CARLO, 80%;18.14;1752.6;812.8;203.2;211.64;316;[364];34;[0];4
HOOD CATCH, 64 CHEVELLE/EL CAMINO;0.45;127.0;91.44;63.5;53.54;317;[360, 151];2;[0];4
HOOD HINGE, 1969 CHEVELLE/EL CAMINO;2.27;533.4;139.7;76.2;50.99;318;[190, 345];4;[0];0
FLOOR PAN, TRUNK, 1968-72 A-BODY, CENTER SECTION;3.22;1079.5;528.32;114.3;55.24;319;[75, 373, 400, 306, 252, 299, 39, 304];30;[0];4
PATCH PANELS, FRONT FENDER, 1970-72 CHEVELLE, PAIR;3.18;660.4;419.1;76.2;56.09;320;[313];8;[0];4
GASKET, TRUNK LOCK, 1965 BUICK RIVIERA;0.45;76.2;63.5;2.54;5.09;321;[280];19;[2];5
WHEELHOUSE, OUTER, 1964-65 CHEVELLE, PAIR;4.54;960.12;629.92;160.02;143.64;322;[90, 121];40;[0];4
REPAIR PLATES, BODY MOUNT, 1978-88 MONTE CARLO, REAR;6.35;508.0;457.2;152.4;73.94;323;[96, 155, 288];66;[0];4
1970-72 MONTE CARLO STEEL HOOD WITH NON-FUNCTIONAL COWL INDUCTION;58.97;1955.8;1498.6;177.8;532.94;324;[400];2;[0];4
BRACES, PACKAGE TRAY SUPPORTS, 1964-67 A-BODY;0.64;213.36;157.48;71.12;28.04;325;[209, 19, 48, 428, 312, 14];54;[0];-1
PATCH PANEL, FRONT LOWER QUARTER PANEL, 1978-87 EL CAMINO;1.81;685.8;426.72;63.5;84.99;326;[361, 408];34;[0];4
WHEELHOUSE, OUTER, 1964-65 CHEVELLE;2.27;960.12;629.92;160.02;71.39;327;[90, 121];40;[0];4
WHEELHOUSE, COMPLETE, 1964-67 GTO SEDAN/HARDTOP;9.53;1041.4;647.7;355.6;215.04;328;[428, 222, 382];34;[0];4
"PATCH PANEL, REAR WHEEL OPENING, 1966-67 CHEVELLE, 37"" X 13""";1.13;952.5;355.6;50.8;50.99;329;[187, 270];34;[0];4
HEADER PANEL, STEEL, 1966 GTO;4.54;1358.9;261.62;198.12;195.49;330;[396, 335, 141];48;[0];4
BUMPER REINFORCEMENT, FRONT, 1981-87 REGAL, EDP STEEL;13.79;1752.6;330.2;279.4;122.39;331;[215, 274, 324, 25];41;[0];4
FRAME RAIL, REAR SECTION, 1978-88 G-BODY 2DR EXC. EL CAMINO, PAIR;25.4;889.0;254.0;203.2;305.99;332;[96, 155, 288];49;[0];4
PATCH PANEL, LOWER FENDER, 1968-69 PONTIAC A-BODY, BEHIND WHEEL;0.91;363.22;320.04;63.5;39.09;333;[220, 88, 432];26;[0];4
INNER FENDERWELL, 1968-69 GTO/LEMANS/TEMPEST/1969-72 GRAND PRIX;2.27;1143.0;533.4;533.4;103.69;334;[252, 220, 88, 432];8;[0];4
TRUNK LID, 1968 GTO/TEMPEST/LEMANS, STEEL;29.48;1397.0;914.4;152.4;297.49;335;[336, 331, 292];27;[0];4
"QUARTER PANEL, 1970-72 CHEVELLE, 78"" LONG X 32"" HIGH";18.14;1981.2;812.8;139.7;161.49;336;[313];34;[0];4
PANEL, TAIL PATCH, 1967 CHEVELLE;3.18;1778.0;312.42;177.8;124.09;337;[374];42;[0];4
BODY MOUNTS, FIREWALL, 1968-69 GTO/TEMP/LEM, 1968-72 CHEVELLE CONVERTIBLE;5.62;419.1;368.3;218.44;97.74;338;[373, 220, 88, 432];35;[0];4
FENDER, 1967 CHEVELLE/EL CAMINO, PAIR;36.29;0.0;0.0;0.0;526.99;339;[374, 74];8;[0];4
SUPPORTS, BUMPER IMPACT, 1981-87 REGAL, REAR;0.5;304.8;203.2;152.4;76.49;340;[215, 274, 324, 25];55;[8];-1
VENT DUCT SET, FENDER, 1987 GNX, W/O LOUVERS;5.44;508.0;381.0;152.4;131.74;341;[189, 359];23;[5];-1
HOOD HINGE, 1970-72 CHEVELLE/EL CAMINO/MONTE CARLO, REPRO, PAIR;4.72;518.16;139.7;81.28;127.49;342;[313, 300, 355, 400];4;[0];0
WHEELHOUSE, OUTER, 1964-67 G/T/L SEDAN/HARDTOP;2.27;965.2;558.8;215.9;93.49;343;[428, 50, 69];40;[0];4
PACKAGE TRAY PANEL/TRUNK DIVIDER ASSEMBLY, 1968-72 CHEVELLE, COUPE, STEEL;29.48;1828.8;1016.0;381.0;379.09;344;[373];61;[0];4
SPRINGS, TAILGATE CABLE, 1968-77 EL CAMINO;0.09;50.8;50.8;25.4;3.39;345;[248, 333];14;[0];1
WRAP, WINDSHIELD PILLAR, 1966-67 CHEVELLE COUPE, PAIR;1.32;688.34;175.26;73.66;193.79;346;[187, 410, 222, 382];31;[0];4
FLOOR PAN, 1964-67 A-BODY, UNDER REAR SEAT, FULL;6.8;266.7;147.32;60.96;124.09;347;[209, 19, 48, 428, 312, 14];25;[0];4
FLOOR PAN, TRUNK, 1964-65 GTO, COMPLETE;30.84;1524.0;1498.6;254.0;509.99;348;[23, 50, 69];28;[0];4
ROOF PANEL, COMPLETE, 1970-72 MONTE/CUTLASS SUPREME/69-72 GP;40.82;1625.6;1524.0;177.8;339.99;349;[400, 94, 252];51;[0];4
TRUNK LID, 1970-72 CUTLASS/442, HARDTOP, STEEL;29.94;1701.8;939.8;177.8;291.54;350;[94];30;[0];4
CROSSMEMBER, TRUNK FLOOR, 1964-67 CHEVELLE;2.72;1181.1;127.0;50.8;96.89;351;[209, 19, 48, 428, 312, 14];30;[0];4
TRUNK FILLER PANEL, 1973-77 CHEVELLE/MONTE CARLO;0.82;647.7;228.6;96.52;71.39;352;[314, 73, 389, 76, 265];28;[0];4
A-PILLAR, 1978-88 G-BODY, W/T-TOPS;1.54;901.7;160.02;139.7;178.49;353;[215, 274, 109, 25, 96, 408, 155, 288];31;[0];4
BRACE, FLOOR PAN, 1970-72 A-BODY, MIDDLE;3.08;1498.6;210.82;109.22;80.74;354;[342, 313, 300, 400, 94, 157, 104];59;[0];0
FILLER PANELS, HEADLIGHT OPENING, 1983-88 MONTE CARLO SS, STAINLESS STEEL;1.13;304.8;254.0;25.4;45.04;355;[54];67;[0];-1
QUARTER PANEL, 1978-87 EL CAMINO;39.92;2362.2;863.6;279.4;246.49;356;[361, 408];34;[0];4
PANEL, TAIL PATCH, 1966 CHEVELLE;4.54;1765.3;266.7;177.8;126.64;357;[283];42;[0];4
PANEL, PACKAGE TRAY, 1966-67 CHEVELLE COUPE, STEEL;9.07;1270.0;660.4;127.0;217.59;358;[187];61;[0];4
HOOD LATCH SUPPORT, 1971-72 CHEVELLE/EL CAMINO;0.82;459.74;147.32;33.02;39.09;359;[391, 398, 416];2;[0];4
INNER FENDERWELL, 1966 CHEVELLE/EL CAMINO;6.8;1143.0;533.4;533.4;108.79;360;[283, 423];8;[0];4
QUARTER PANEL, 1964-65 CHEVELLE;15.88;2077.72;736.6;304.8;178.49;361;[90];34;[0];4
VALANCE PANEL, FRONT, 1969 GTO;2.27;1765.3;368.3;185.42;172.54;362;[59];38;[0];4
FILLERS, QUARTER PANEL, 1975-76 ELDORADO;1.91;469.9;464.82;271.78;288.99;363;[188];56;[11];0
SHIFTER HUMP, 4-SPEED, 1978-88 MALIBU/EL CAMINO/MONTE CARLO;0.18;266.7;238.76;68.58;25.49;364;[215, 274, 109, 25, 361, 403, 96, 155, 307, 288];68;[1];0
FLOOR PAN, TRUNK, 1964-67 CHEVELLE, SIDE SECTION;3.22;1079.5;528.32;114.3;55.24;365;[19];30;[0];4
FLOOR PAN, TRUNK, 1964-67 CHEVELLE, CENTER SECTION;3.22;1079.5;528.32;114.3;55.24;366;[19];30;[0];4
WEATHERSTRIP CHANNEL, ROOFRAIL, 1969 CHEVELLE COUPE;1.59;1282.7;160.02;63.5;212.49;367;[190];45;[0];-1
"QUARTER PANEL, 1973-77 EL CAMINO, 78""X30""";3.63;1981.2;762.0;203.2;209.09;368;[375, 227];34;[0];4
FILLER PANEL, LICENSE PLATE, 1974-78 ELDORADO, REAR;0.14;543.56;154.94;71.12;121.54;369;[286];56;[11];0
DOOR SHELL, 1969 CHEVELLE;11.34;1320.8;711.2;203.2;279.64;370;[190];33;[0];4
WEATHERSTRIP CHANNEL, 1968 CHEVELLE, COUPE, ROOFRAIL;1.81;1295.4;152.4;63.5;169.99;371;[221];45;[0];-1
HOOD, STEEL, 1981-88 MONTE CARLO, STANDARD;26.31;1676.4;1524.0;215.9;191.24;372;[364];2;[0];4
HOOD LATCH, 1968 CHEVELLE/EL CAMINO;1.22;203.2;175.26;157.48;80.74;373;[221, 114];2;[0];1
HOOD CATCH, 1966 CHEVELLE/EL CAMINO;0.32;137.16;101.6;78.74;33.99;374;[283, 423];2;[0];4
WHEELHOUSE, 1970-72 CHEVELLE COUPE, OUTER;2.59;1036.32;584.2;254.0;67.99;375;[313];40;[0];4
HOOD INSERTS, 1966 CHEVELLE/EL CAMINO, SS;1.45;546.1;91.44;38.1;98.59;376;[283, 423];2;[4];5
CROSS RAIL, BRACE, REAR BODY, 1970-72 CHEVELLE;7.26;1397.0;292.1;228.6;89.24;377;[313];39;[0];4
FUEL TANK BRACE, 1964-67 EL CAMINO/A-BODY WAGON, 2-PC, W/HARDWARE;2.72;1092.2;88.9;76.2;84.99;378;[209, 19, 339, 48, 428, 312, 14];39;[9];0
"PATCH PANEL, 64-65 CHEVELLE FRONT FENDER (BEHIND WHEEL WELL, 13.5"" HIGH)";0.59;381.0;279.4;50.8;50.99;379;[90, 121];8;[0];4
COWL PANEL, LOWER WINDSHIELD, 1968-69 A-BODY;13.61;2108.2;228.6;203.2;314.49;380;[366, 99, 217, 237, 18, 220, 88, 432];29;[0];4
HOOD LATCH, 1965 CHEVELLE/EL CAMINO;1.41;337.82;185.42;142.24;105.39;381;[107, 43];2;[0];1
1971-72 EL CAMINO AND CHEVELLE WAGON FRONT FENDER;13.97;1600.2;812.8;381.0;271.99;382;[391, 398];8;[0];4
RADIATOR SUPPORT, 1967 CHEVELLE/EL CAMINO;9.07;1684.02;533.4;50.8;118.99;383;[374, 74];46;[0];4
CROSSMEMBER, FRONT UPPER TRUNK PANEL, 1970 A-BODY;2.27;1181.1;127.0;63.5;76.49;384;[137, 45, 8, 33, 348, 325, 102];30;[0];4
QUARTER PANEL FILLER SET, 1974-78 ELDORADO, REAR;2.27;508.0;203.2;152.4;161.49;385;[286];12;[-1];-1
FLOOR PAN, REAR UNDER SEAT, 1973-77 A-BODY, HALF SECTION;5.44;701.04;619.76;248.92;67.99;386;[314, 73, 389, 28, 76, 318];12;[-1];-1
FILLERS, TAIL LAMP BEZEL, 1974-76 DEVILLE/FLEETWOOD EXC. CC;2.09;787.4;215.9;154.94;190.39;387;[35, 26];56;[11];0
WIRE CHANNEL, UNDER SEAT, 1964-67 CHEVELLE/EL CAMINO;0.18;457.2;63.5;25.4;30.59;388;[19, 339];15;[0];4
FENDER, 1967 GTO/LEMANS/TEMPEST;14.06;1651.0;838.2;355.6;294.94;389;[193, 169, 36];8;[0];4
1968 CHEVELLE COUPE COMPLETE QUARTER PANEL;12.25;2006.6;1016.0;279.4;334.04;390;[221];34;[0];4
RADIATOR SUPPORT, 1971-72 CHEVELLE/EL CAMINO;9.07;1722.12;541.02;139.7;127.49;391;[391, 398];46;[0];4
HOOD, STEEL, 1969 CHEVELLE/EL CAMINO, W/2 INCH COWL;38.92;1676.4;1524.0;215.9;381.64;392;[190, 345];2;[0];4
HOOD LATCH SUPPORT, 1967 CHEVELLE/EL CAMINO;0.5;439.42;101.6;33.02;37.39;393;[374, 74];2;[0];4
FILLER PANEL, TAIL LAMP , 1977-79 DEVILLE/FLEETWOOD/BROUGHAM;0.95;601.98;167.64;35.56;164.04;394;[420, 167];56;[11];0
FILLER PANELS, HEADLIGHT, 1973 CADILLAC DEVILLE/FLEETWOOD;0.5;520.7;78.74;25.4;116.44;395;[63, 70];56;[11];0
FLOOR PAN, COMPLETE, 1968-69 A-BODY COUPE/SEDAN, W/O ROCKER PANELS;38.56;1879.6;1524.0;355.6;515.94;396;[366, 99, 237, 252, 220, 88, 432];25;[0];4
FIREWALL, 1968-72 CHEVELLE/EL CAMINO HARDTOP/COUPE, BLANK;13.61;1460.5;736.6;431.8;246.49;397;[75, 373, 175, 400, 306, 299, 39, 304];35;[0];4
DOOR SHELL, 1964-65 CHEVELLE;11.34;1320.8;736.6;254.0;322.99;398;[90];33;[0];4
BUMPER FILLER SETS, 1975-76 ELDORADO, REAR, 5PC;2.9;914.4;327.66;274.32;419.04;399;[188];56;[11];0
WHEELHOUSE, COMPLETE, 1964-67 GTO, SEDAN/HARDTOP, PAIR;19.05;1041.4;647.7;355.6;430.09;400;[428, 222, 382];34;[0];4
MOUNTING PANEL, TAIL LIGHT, 1968-72 EL CAMINO;2.49;508.0;284.48;96.52;70.54;401;[175];67;[0];4
FENDER, 1971-72 EL CAMINO/CHEVELLE WAGON, PAIR;27.94;1600.2;812.8;381.0;543.99;402;[391, 398];8;[0];4
WEATHERSTRIP CHANNEL, ROOFRAIL, 1964-65 CHEVELLE COUPE;1.36;1295.4;139.7;63.5;169.99;403;[90];45;[0];-1
FILLER PANELS, HEADLIGHT, 1975-76 CADILLAC ELDORADO;0.23;431.8;71.12;20.32;76.49;404;[188];56;[11];0
PATCH PANEL, B-PILLAR LOWER, 1978-88 G-BODY 2-DR, EXC. EL CAMINO;0.91;304.8;304.8;304.8;50.99;405;[215, 274, 109, 25, 403, 96, 155, 288];12;[-1];-1
PATCH PANELS, REAR WHEEL OPENING, 1968-69 CHEVELLE/1968-72 EL CAMINO, PAIR;3.36;952.5;406.4;50.8;101.99;406;[99, 175];34;[0];4
HOOD LOCK RETAINER, 1970-72 CUTLASS, OUTSIDE AIR INDUCTION/W-25, PAIR;0.23;38.1;22.86;7.62;23.79;407;[94];2;[-1];-1
PANEL, REAR BODY, 1968 PONTIAC;4.54;1727.2;292.1;109.22;127.49;408;[336, 331, 292];11;[0];4
DOOR SKIN, OUTER, 1969 GTO COUPE/CONVERTIBLE;9.07;1320.8;660.4;101.6;126.64;409;[59, 0, 267];12;[-1];-1
WHEELHOUSE, REAR INNER/OUTER, 1968-72 EL CAMINO;5.85;990.6;660.4;381.0;235.44;410;[175, 416];34;[0];4
FLOOR PAN, FULL SECTION, 1978-88 G-BODY;22.68;1828.8;812.8;381.0;144.49;411;[215, 274, 109, 25, 361, 403, 96, 155, 288];69;[0];0
FIREWALL, 1968-72 CHEVELLE/EL CAMINO HARDTOP/COUPE, W/ A/C;13.15;1447.8;749.3;431.8;234.59;412;[373, 175, 400];35;[0];4
HOOD ADJUST BUMPER, 1978-88 G-BODY, PAIR;0.0;25.4;25.4;25.4;8.49;413;[215, 274, 109, 25, 361, 403, 96, 408, 155, 160, 288];2;[2];0
BRACE, FLOOR PAN, 1970-72 A-BODY, FRONT;3.08;1498.6;210.82;109.22;80.74;414;[342, 313, 300, 400, 94, 157, 104];59;[0];0
SHIFTER HUMP, 4-SPEED, 1968-72 OLDSMOBILE;0.23;251.46;182.88;114.3;29.74;415;[306];68;[1];0
PATCH PANEL, QUARTER PANEL, 1968 CHEVELLE, LOWER;1.27;756.92;254.0;50.8;50.99;416;[221, 416];34;[0];4
HOOD, STEEL, 1966 CHEVELLE/EL CAMINO, STANDARD;26.31;1397.0;1371.6;165.1;314.49;417;[283, 423];2;[0];4
QUARTER PANEL, 1968 GTO, 1968-69 TEMPEST/LEMANS, COUPE/CONVERTIBLE;7.62;2052.32;863.6;203.2;194.64;418;[336, 331, 292];34;[0];4
BODY BUMPER, DOOR, 1963-65 RIVIERA /1964-65 SKYLARK, PAIR;0.14;0.0;0.0;0.0;16.99;419;[363, 196, 120, 388, 386];26;[0];3
FRAME RAIL, REAR, 1978-87 EL CAMINO, REAR SECTION, PAIR;25.4;889.0;254.0;203.2;305.99;420;[361];49;[0];4
TOP PLATE, RADIATOR SUPPORT, 1968 PONTIAC, CHROME;2.18;764.54;358.14;48.26;59.49;421;[65, 117, 383, 336, 331, 292];46;[0];5
TRUNK FLOOR, COMPLETE, 1971-72 CHEVELLE;31.75;1549.4;1397.0;203.2;424.99;422;[391];28;[0];4
SPOILER, JUDGE, 1969 GTO CONVERTIBLE, REAR;3.18;1587.5;215.9;134.62;246.49;423;[59, 0, 267];47;[11];0
TIE BAR, FENDER, 1970-72 CHEVELLE/EL CAMINO, W/O HOOD PIN HOLES;0.45;1430.02;261.62;25.4;50.99;424;[313, 300];8;[0];4
HOOD PIN CLIP, 1970-72 CHEVELLE/EL CAMINO, SS, PAIR;0.09;0.0;0.0;0.0;16.99;425;[313, 300, 400];12;[-1];-1
FILLER PANEL SET, REAR, 1979-85 ELDORADO;2.04;469.9;464.82;271.78;186.14;426;[128];56;[11];0
ROCKER PANEL, INNER, 1968-72 A-BODY;2.72;1676.4;101.6;25.4;67.99;427;[75, 373, 416, 299, 39, 304];44;[0];-1
TRUNK FLOOR, COMPLETE, 1970 CHEVELLE;31.75;1549.4;1397.0;203.2;416.49;428;[45];28;[0];4
QUARTER PANEL, 1981-88 CUTLASS;8.16;1955.8;914.4;457.2;101.99;429;[49];34;[0];4
BRACKET SET, 1973-77 A-BODY, SPARE TIRE HOLD-DOWN W/JACK STOP, 3PC;11.34;248.92;248.92;248.92;30.59;430;[314, 73, 389, 28, 76, 318];12;[-1];-1
QUARTER PANEL, COMPLETE, 1968 CHEVELLE COUPE, PAIR;24.49;2006.6;1016.0;279.4;668.09;431;[221];34;[0];4
BRACE, FLOOR PAN, 1973-77 A-BODY, MIDDLE;2.95;1473.2;210.82;109.22;67.99;432;[314, 375, 73, 389, 76, 318];59;[0];0
FIREWALL, 1968-72 CHEVELLE/EL CAMINO HARDTOP/COUPE, W/O A/C;12.25;1447.8;736.6;355.6;283.04;433;[373, 175, 400];35;[0];4
FLOOR PAN, UNDER SEAT, 1964-67 A-BODY;3.54;762.0;571.5;342.9;67.99;434;[209, 19, 48, 428, 312, 14];25;[0];4
HOOD LOCKS/RETAINERS/BRACKETS, 1970-72 CTLS, OUTSIDE AIR INDUCTION/W-25, 6-PIECE;3.76;152.4;127.0;127.0;217.59;435;[94];20;[0];-1
STOP CLIP, WINDSHIELD GLASS, 1968-72 A-BODY, PAIR;0.05;91.44;58.42;7.62;16.99;436;[75, 379, 373, 175, 400, 84, 306, 252, 299, 39, 304];9;[0, 2];1
BRACE, FLOOR PAN, 1968-72 A-BODY, REAR, 18-GAUGE;4.54;1496.06;154.94;111.76;93.49;437;[75, 373, 400, 306, 252, 299, 39, 304];59;[0];0
DRIP RAILS, STEEL, 1966-67 CHEVELLE, 2-DOOR COUPE;1.41;1270.0;139.7;50.8;169.99;438;[187];70;[0];4
QUARTER PANEL, 1968-72 EL CAMINO;15.33;2260.6;800.1;177.8;209.09;439;[175, 416];34;[0];4
FIREWALL PANEL, 1964-67 CHEVELLE/EL CAMINO, LOWER, W/O AC;22.68;1828.8;812.8;381.0;280.49;440;[209, 19, 339, 48, 428, 312, 14];35;[0];4
PATCH PANEL, REAR LOWER QUARTER PANEL, 1978-87 EL CAMINO;1.91;927.1;368.3;63.5;62.04;441;[361, 408];34;[0];4
CLIP, 1978-88 G-BODY, HOOD SIDE TO HOOD HINGE PR;0.45;0.0;0.0;0.0;5.09;442;[215, 274, 206, 25, 361, 403, 96, 408, 155, 160, 288];12;[-1];-1
TRUNK LID, 1968 CUTLASS, STEEL;27.22;1625.6;965.2;152.4;313.64;443;[181];30;[0];4
PATCH PANELS, FRONT LOWER QUARTER PANEL, 1984-88 MONTE CARLO, PAIR;4.54;0.0;0.0;0.0;124.09;444;[119];34;[0];4
DOOR SHELL, 1968 GTO;14.97;1346.2;711.2;241.3;388.44;445;[336, 331, 292];33;[0];4
BUMPER, REAR LATCH, 1961-68 B-O-P WAGON, 1964-67 CH WGN/EC, PAIR;0.05;25.4;12.7;12.7;8.49;446;[344, 82, 37, 106, 68, 162, 15, 19, 339, 435, 433, 228, 241, 245];26;[0];3
BRACE, TAIL PANEL, 1965 CHEVELLE, SIDE;0.45;152.4;101.6;25.4;16.99;447;[107];54;[0];4
QUARTER PANEL, 1973-77 CHEVELLE;7.17;1803.4;863.6;190.5;152.99;448;[314];34;[0];4
WHEELHOUSE, REAR INNER, 1981-88 MONTE/REGAL/CUTLASS/GRAND PRIX;2.45;1016.0;596.9;203.2;118.99;449;[215, 274, 324, 25, 364, 49, 330];26;[0];4
FLOOR PAN, TRUNK, 1968 GTO, COMPLETE;30.84;1524.0;1498.6;254.0;484.49;450;[336, 331, 292];28;[0];4
PATCH PANEL, LOWER REAR QUARTER PANEL, 1978-87 EL CAMINO, PAIR;3.63;914.4;330.2;127.0;124.09;451;[361, 408];34;[0];4
PATCH PANELS, REAR WHEEL OPENING, 1970-72 CHEVELLE, PAIR;3.45;947.42;304.8;38.1;101.99;452;[313];34;[0];4
QUARTER PANEL, 1969 CHEVELLE, PAIR;46.81;0.0;0.0;0.0;339.99;453;[190];34;[0];4
BRACKET, 1973-77 A-BODY, TRUNK FLOOR, JACK STOP;9.07;99.06;30.48;30.48;18.69;454;[314, 73, 389, 28, 76, 318];12;[-1];-1
BRACKET, 1973-77 A-BODY, TRUNK FLOOR, JACK STOP, PAIR;18.14;86.36;76.2;30.48;37.39;455;[314, 73, 389, 28, 76, 318];12;[-1];-1
HOOD, STEEL 1968-70 GTO, SCOOP STYLE, W/O RAM AIR;32.66;1625.6;1422.4;152.4;379.94;456;[319, 294, 304];2;[0];4
PANEL, REAR WINDOW TO TRUNK, 1964-65 CHEVELLE COUPE;3.18;1397.0;431.8;25.4;67.99;457;[90];71;[0];-1
PATCH PANEL, REAR PANEL, 1968-69 CHEVELLE, W/ BRACKETS;5.9;1384.3;304.8;152.4;161.49;458;[99];11;[-1];-1
TAILGATE SKIN, 1969-72 EL CAMINO;7.53;1544.32;495.3;96.52;138.54;459;[352, 416];11;[0];4
HOOD LOCK, 1970-72 CUTLASS, OUTSIDE AIR INDUCTION/W-25, PAIR;3.18;142.24;68.58;68.58;76.49;460;[94];20;[0];-1
BRACE, TAIL PANEL, 1970-72 CHEVELLE;0.36;203.2;127.0;101.6;33.14;461;[313];11;[0];4
FILLER PANEL, INNER TRUNK, 1970-72 CHEVELLE, PAIR;3.63;762.0;533.4;152.4;67.99;462;[313];28;[0];4
BUMPER FILLER, REAR, LEFT/RIGHT, 1980-92 DEVILLE/FLEETWOOD/BROUGHAM;2.04;469.9;464.82;271.78;113.04;463;[273, 278];56;[11];0
CROSS RAIL, BRACE, REAR BODY, 1966-67 CHEVELLE;4.31;1625.6;190.5;50.8;92.64;464;[187];39;[0];4
INNER FILLER, TRUNK, 1969 PONTIAC A-BODY;0.95;960.12;266.7;114.3;58.64;465;[59, 0, 267];60;[0];4
QUARTER PANEL, 1970-72 CHEVELLE, CONVERTIBLE, COMPLETE;29.48;2159.0;736.6;330.2;356.99;466;[313];34;[0];4
FLOOR PAN, REAR UNDER SEAT, 1973-77 A-BODY, FULL SECTION;6.8;1379.22;624.84;243.84;101.99;467;[314, 73, 389, 28, 76, 318];12;[-1];-1
DOOR SHELLS, 1986-87 EL CAMINO, PAIR;36.29;1557.02;762.0;236.22;809.19;468;[177];33;[0];4
WHEELHOUSE, OUTER, 1968-69 PONTIAC A-BODY;4.99;1010.92;591.82;223.52;65.44;469;[220, 88, 432];40;[0];4
HOOD HINGE, 1968 CHEVELLE/EL CAMINO, PAIR;4.67;515.62;139.7;76.2;101.99;470;[163, 221, 114, 323, 356, 380, 87];4;[0];0
ROCKER PANEL, LOWER, 1968-72 A-BODY, PAIR;22.68;1722.12;127.0;116.84;161.49;471;[75, 373, 400, 306, 252, 299, 39, 304];44;[0];-1
WHEELHOUSE, OUTER, 1968-69 PONTIAC A-BODY, PAIR;4.54;1010.92;591.82;223.52;130.89;472;[220, 88, 432];40;[0];4
WHEELHOUSE, OUTER, 1966-67 CHEVELLE/EL CAMINO, PAIR;5.9;889.0;596.9;172.72;107.09;473;[187, 270];40;[0];4
PATCH PANELS, FRONT FENDER, 1966-67 CHEVELLE, PAIR;1.36;609.6;330.2;50.8;101.99;474;[187, 270];8;[0];4
WHEELHOUSE, INNER/OUTER, 1970-72 CHEVELLE CONVERTIBLE;10.43;1109.98;596.9;406.4;237.99;475;[313];34;[0];4
HOOD HINGE, 1978-87 REGAL/GRAND NATIONAL;0.91;381.0;116.84;109.22;50.99;476;[215, 274, 109, 25];4;[0];0
PATCH PANEL, 70-72 CHEVELLE REAR QTR WHEEL OPENING;1.72;947.42;304.8;38.1;50.99;477;[313];34;[0];4
DRIP RAILS, ROOF, 1970-72 CHEVELLE COUPE;0.91;1193.8;241.3;38.1;116.44;478;[313];70;[0];4
HOOD, STEEL, 1967 CHEVELLE/EL CAMINO, W/2 INCH COWL;30.84;1447.8;1409.7;203.2;352.74;479;[374, 74];2;[0];4
PANEL, REAR WINDOW TO TRUNK, 1966-67 CHEVELLE;4.08;1422.4;381.0;101.6;67.99;480;[187];27;[0];4
HOOD PIN BOLT, 1970-72 CHEVELLE/EL CAMINO SS / 70-72 MONTE;0.09;101.6;12.7;12.7;8.49;481;[313, 300, 400];4;[0];-1
DRIP RAILS, STEEL, 1968-69 CHEVELLE;1.45;1270.0;139.7;50.8;93.49;482;[99];70;[0];4
BRACE, FLOOR PAN, 1964-65 CHEVELLE, REAR;3.63;1651.0;210.82;83.82;76.49;483;[90];39;[0];4
BRACE, FLOOR PAN, 1973-77 A-BODY, FRONT;2.95;1473.2;210.82;109.22;84.99;484;[314, 375, 73, 389, 76, 318];59;[0];0
1970-72 MONTE CARLO STEEL HOOD WITH FUNCTIONAL COWL INDUCTION;58.97;1778.0;1498.6;177.8;543.14;485;[400];2;[0];4
QUARTER PANEL, 1978-87 EL CAMINO, COMPLETE;29.48;2260.6;1143.0;203.2;424.99;486;[361];34;[0];4
FENDER, 1982-87 EL CAMINO/MALIBU, PAIR;17.96;1150.62;774.7;330.2;515.09;487;[197, 369, 40];8;[0];4
HOOD HINGES, 81-88 MONTE CARLO, PAIR;3.63;0.0;0.0;0.0;192.09;488;[364];4;[0];0
FENDER, 1967 GTO/LEMANS/TEMPEST, PAIR;28.12;1651.0;838.2;355.6;589.89;489;[193, 169, 36];8;[0];4
WHEELHOUSE, OUTER, 1964-67 G/T/L SEDAN/HARDTOP, PAIR;4.54;965.2;558.8;215.9;186.99;490;[428, 50, 69];40;[0];4
FILLER PANEL, INNER TRUNK, 1969 CHEVELLE, PAIR;1.63;685.8;292.1;101.6;67.99;491;[190];28;[0];4
A-PILLAR, 1978-88 MONTE/REGAL/CUTLASS/GRAND PRIX, W/T-TOPS, PAIR;1.81;0.0;0.0;0.0;356.99;492;[215, 274, 109, 25, 96, 408, 155, 288];31;[0];4
MOUNTING PANEL, TAIL LIGHT, 1968-72 EL CAMINO, PAIR;9.43;0.0;0.0;0.0;141.09;493;[175];67;[0];4
FLOOR PAN, COMPLETE, 1968-69 A-BODY EXC. EL CAMINO, W/ ROCKER PANELS;38.56;1879.6;1651.0;304.8;747.99;494;[366, 99, 237, 252, 220, 88, 432];25;[0];4
PATCH PANELS, LOWER REAR QUARTER PANEL, 1964-65 CHEVELLE, PAIR;2.45;749.3;457.2;50.8;101.99;495;[90];34;[0];4
QUARTER PANEL, 64-65 GTO/TEMPEST/LEMANS, COUPE/CONVERTIBLE, PAIR;20.68;2184.4;647.7;152.4;390.99;496;[23, 50, 69];34;[0];4
FLOOR PAN, TRUNK, 1969 CHEVELLE, COMPLETE;31.75;1549.4;1397.0;203.2;390.99;497;[190];28;[0];4
INNER FENDERWELLS, 1965 CHEVELLE/EL CAMINO, PAIR;13.61;1143.0;533.4;533.4;249.89;498;[107, 43];8;[0];4
FILLER PANEL SET, FRONT, 1979-85 ELDORADO;1.81;609.6;165.1;165.1;113.04;499;[128];56;[11];0
PACKAGE TRAY PANEL, 1964-65 CHEVELLE, COUPE, STEEL;9.07;1270.0;660.4;127.0;169.99;500;[90];61;[0];4
HOOD, STEEL, 1970-72 MONTE CARLO, STANDARD NON SS;45.36;1778.0;1498.6;177.8;572.89;501;[400];2;[0];4
FILLER PANEL, FRONT SIDE QUARTER PANEL, 1979-85 ELDORADO;2.04;469.9;464.82;271.78;110.49;502;[128];56;[11];0
BRACE, FLOOR PAN, 1973-77 A-BODY, REAR;2.95;1473.2;154.94;109.22;80.74;503;[314, 375, 73, 389, 76, 318];59;[0];0
PATCH PANEL, FRONT QUARTER PANEL, 1978-87 EL CAMINO, PAIR;3.63;685.8;426.72;63.5;169.99;504;[361, 408];34;[0];4
TORSION BAR CHASSIS, TRUNK, 1970-72 CHEVELLE CONVERTIBLE;11.34;1295.4;419.1;368.3;275.39;505;[313];28;[0];4
SAIL PANEL, INNER, 1978-87 EL CAMINO, PAIR;1.27;553.72;55.88;53.34;113.04;506;[361, 408];26;[0];4
FLOOR PAN, 1973-77 A-BODY, HALF SECTIONS, W/TOE BOARD;7.71;1564.64;645.16;248.92;84.99;507;[314, 73, 389, 28, 76, 318];12;[-1];-1
DOOR SKIN, 1968-72 EL CAMINO;9.07;1303.02;668.02;198.12;158.09;508;[175, 416];33;[0];4
PATCH PANELS, LOWER QUARTER PANEL, 1969 CHEVELLE, PAIR;2.72;889.0;254.0;25.4;101.99;509;[190];34;[0];4
INNER FENDERWELL, 1967 CHEVELLE/EL CAMINO;6.8;1143.0;533.4;533.4;122.39;510;[374, 74];8;[0];4
FILLER PANEL, REAR LICENSE PLATE, 1974-76 DEVILLE/FLEETWOOD;0.23;543.56;154.94;71.12;169.99;511;[35, 26];56;[11];0
COWL INDUCTION KIT, 1970-72 CHEVELLE/EL CAMINO/MONTE CARLO, COMPLETE W/ SPACER;7.67;693.42;502.92;266.7;640.89;512;[313, 300, 400];12;[-1];-1
COWL INDUCTION KIT, 1970-72 CHEVELLE/EL CAMINO, COMPLETE W/O SPACER;7.48;693.42;502.92;266.7;609.44;513;[313, 300, 400];12;[-1];-1
PANEL, TAIL PATCH, 1965 CHEVELLE, SIDE EXTENSION;0.91;254.0;254.0;101.6;59.49;514;[107];42;[0];4
FLOOR PAN, W/BRACES & INNER ROCKER OE TYPE, 64-67 GM A-BODY;31.75;1549.4;1397.0;203.2;679.99;515;[209, 19, 339, 48, 428, 312, 14];25;[0];4
BUMPER FILLER SET, 1977-78 ELDORADO, FRONT;2.27;508.0;203.2;152.4;133.44;516;[140];12;[-1];-1
FENDER, 1965 CHEVELLE/EL CAMINO, PAIR;33.38;1511.3;736.6;363.22;662.99;517;[107, 43];8;[0];4
PANEL, REAR WINDOW TO TRUNK, 1970-72 CHEVELLE CONVERTIBLE;4.54;1333.5;248.92;45.72;76.49;518;[313];71;[0];-1
FIREWALL PANEL, 1964-67 CHEVELLE/EL CAMINO, LOWER, BLANK;10.89;1498.6;596.9;355.6;279.64;519;[19, 339];35;[0];4
SCREW KIT, 70-72 CHEVELLE/EL CAMINO, COWL INDUCTION SUPPORT BRACKET, 8PC;0.18;50.8;50.8;20.32;13.59;520;[313, 300, 400];13;[0];2
BRACES, ROOF PANEL, 1968-72 EL CAMINO;8.16;1239.52;279.4;88.9;203.99;521;[175];51;[0];0
FENDER EXTENSION, 1970 EL CAMINO, PAIR;1.36;482.6;289.56;139.7;143.64;522;[213];8;[0];4
"PATCH PANELS, REAR WHEEL OPENING, 1966-67 CHEVELLE, 37"" X 13"", PAIR";3.45;939.8;711.2;50.8;101.99;523;[187, 270];34;[0];4
WHEELHOUSE, 1970-72 MONTE CARLO, REAR OUTER, PAIR;7.26;1041.4;609.6;152.4;305.99;524;[400];12;[-1];-1
FLOOR PAN, COMPLETE, 1964-67 A-BODY, W/O ROCKERS/BRACES;22.68;1930.4;1524.0;457.2;267.74;525;[209, 19, 339, 48, 428, 312, 14];25;[0];4
FILLER PANEL, FRONT SIDE QUARTER PANEL, 1980-92 DEVILLE/FLEETWOOD/BROUGHAM;2.04;469.9;464.82;271.78;79.89;526;[273, 278];56;[11];0
BUMPER FILLER, REAR, LEFT/RIGHT 1977-79 DEVILLE/FLEETWOOD/BROUGHAM;2.04;469.9;464.82;271.78;135.99;527;[420, 167];56;[11];0
FENDER BRACE, 1964-65 CHEVELLE/EL CAMINO, PAIR;0.23;210.82;50.8;38.1;24.64;528;[90, 121];8;[0];-1
COWL HOOD DOOR KIT, 1970-72 CHEVELLE/EL CAMINO/MONTE CARLO, W/ACTUATOR;1.41;477.52;76.2;43.18;142.79;529;[313, 300, 400];12;[-1];-1
FILLER PANEL, LICENSE PLATE, 1973 ELDORADO, REAR;0.23;508.0;139.7;63.5;81.59;530;[337];56;[11];0
QUARTER PANEL, 1968 CHEVELLE;7.03;1854.2;850.9;203.2;152.99;531;[221];34;[0];4
BRACE KIT, INNER ROOF, 1970-72 CHEVELLE;6.76;1384.3;304.8;114.3;190.39;532;[313];51;[0];0
DOOR SKIN, 1964-65 CHEVELLE;9.07;1315.72;668.02;96.52;148.74;533;[90];33;[0];4
FENDER EXTENSION, 1973-74 ELDORADO, PAIR;0.23;254.0;190.5;76.2;101.99;534;[132];56;[11];0
FUEL TANK BRACE, 1973-77 A-BODY EXC. WAGON;0.91;914.4;177.8;152.4;70.54;535;[314, 375, 73, 389, 76, 318];39;[9];0
1969 CHEVELLE QUARTER PANEL;6.8;1841.5;787.4;203.2;169.99;536;[190];34;[0];4
DASH PANEL, STEEL INNER, 1968 CHEVELLE/EL CAMINO;8.62;1498.6;355.6;330.2;347.64;537;[221, 114];72;[0];8
"QUARTER PANEL, 1970-72 CHEVELLE, 76"" LONG X 23"" HIGH, PAIR";9.8;1930.4;584.2;114.3;229.49;538;[313];34;[0];4
INNER FENDERWELLS, 1966 CHEVELLE/EL CAMINO, PAIR;13.61;1143.0;533.4;533.4;218.44;539;[283, 423];8;[0];4
CROSSMEMBER, FRONT UPPER TRUNK PANEL, 1971-72 A-BODY;2.95;1181.1;215.9;76.2;76.49;540;[258, 391, 208, 362, 127, 78];30;[0];4
PANEL, REAR WINDOW TO TRUNK, 1964-65 GTO;2.49;1397.0;355.6;25.4;169.99;541;[23, 50, 69];71;[0];-1
"PATCH PANELS, REAR WHEEL OPENING, 1964-65 CHEVELLE, 34"" X 13"", PAIR";4.54;863.6;660.4;38.1;101.99;542;[90, 121];34;[0];4
FILLER PANEL, HEADLIGHT, 1977-78, ELDORADO;0.68;520.7;78.74;25.4;103.69;543;[140];56;[11];0
HOOD PIN BOLT, 1970-72 CHEVELLE/EL CAMINO SS / 70-72 MONTE, PAIR;0.27;0.0;0.0;0.0;16.99;544;[313, 300, 400];4;[0];-1
BUMPER GUARD, FRONT, 1981-87 BUICK REGAL/T-TYPE/GRAND NATIONAL, BLACK, PAIR;1.36;203.2;139.7;50.8;67.14;545;[215, 274, 324, 25];41;[0];9
PACKAGE TRAY PANEL, PONTIAC 64-65 A-BODY;2.72;1397.0;355.6;25.4;207.39;546;[23, 50, 69];73;[0];4
QUARTER PANEL, 1976-77 MONTE CARLO, PAIR;17.06;1778.0;762.0;241.3;385.89;547;[47];34;[-1];-1
PATCH PANEL, LOWER FENDER, 1968-69 PONTIAC A-BODY, BEHIND WHEEL, PAIR;1.81;363.22;320.04;63.5;79.04;548;[220, 88, 432];26;[0];4
SPRING, HOOD HINGE, 1969-72 CUTLASS/SKYLARK, W/STEEL HOOD, PAIR;0.91;228.6;91.44;45.72;33.99;549;[46, 55];12;[-1];-1
FENDER EXTENSION, LOWER, 1976-79 SEVILLE, PAIR;0.27;292.1;200.66;50.8;131.74;550;[202];56;[11];0
"PATCH PANELS, FRONT FENDER, 1964-65 CHEVELLE, 13.5"", PAIR";1.45;762.0;558.8;50.8;101.99;551;[90, 121];8;[0];4
TRUNK LID, 1965 GTO/TEMPEST/LEMANS, STEEL;17.46;1391.92;901.7;165.1;379.94;552;[67];27;[0];4
FILLER PANEL, REAR, 1979-85 ELDORADO;2.04;469.9;464.82;271.78;93.49;553;[128];56;[11];0
PATCH PANELS, LOWER REAR QUARTER PANEL, 1970-72 CHEVELLE, PAIR;3.45;800.1;787.4;50.8;96.89;554;[313];34;[0];4
BUMPER FILLER SET, 1976-79 SEVILLE, REAR BUMPER;3.18;711.2;355.6;127.0;154.69;555;[202];12;[-1];-1
QUARTER PANEL, 1968-72 EL CAMINO, COMPLETE, PAIR;26.31;2438.4;1066.8;228.6;739.49;556;[175, 416];34;[0];4
DOOR SKIN, 1968-72 EL CAMINO, PAIR;18.14;1303.02;668.02;198.12;316.19;557;[175];33;[0];4
PATCH PANELS, FRONT QUARTER PANEL, 1970-72 CHEVELLE, PAIR;3.49;673.1;533.4;50.8;84.99;558;[313];26;[0];4
STRIP CHANNEL CONNECTOR, 68-72 CHEVELLE, PAIR;0.05;111.76;30.48;12.7;24.64;559;[373];45;[0];-1
1970-72 CHEVELLE QUARTER PANEL;5.67;1930.4;584.2;58.42;114.74;560;[313];34;[0];4
COWL PANEL, OUTER, 1968-72 A-BODY, PAIR;2.72;660.4;279.4;139.7;110.49;561;[75, 373, 175, 400, 306, 252, 299, 39, 304];29;[0];4
DOOR SKIN, 1978-85 MALIBU/EL CAMINO;9.07;1531.62;736.6;147.32;165.74;562;[269, 403];33;[0];4
FILLER PANEL, TAIL LAMP,1990-92 DEVILLE/FLEETWOOD/BROUGHAM, DOUBLE SLOT;0.95;601.98;167.64;35.56;181.04;563;[332, 216];56;[11];0
FILLER PANEL, REAR LICENSE PLATE, 1977-79 DEVILLE/FLEETWOOD/BROUGHAM;0.23;543.56;154.94;71.12;56.09;564;[420, 167];56;[11];0
WHEELHOUSE, INNER/OUTER, 1970-72 CHEVELLE COUPE, PAIR;8.16;0.0;0.0;0.0;339.99;565;[313];34;[0];4
HOOD HINGE, 1968 CHEVELLE/EL CAMINO;2.36;515.62;139.7;76.2;50.99;566;[163, 221, 114, 323, 356, 380, 87];4;[0];0
FILLER PANEL, HEADLIGHT EXTENSION, 1973-74 ELDORADO;0.68;520.7;78.74;25.4;144.49;567;[132];56;[11];0
FILLER PANEL, FRONT QUARTER, 1980-85 SEVILLE;2.04;469.9;464.82;271.78;110.49;568;[30];56;[11];0
FILLER PANEL, REAR LICENSE PLATE, 1976-79 SEVILLE;2.04;469.9;464.82;271.78;107.09;569;[202];56;[11];0
FLOOR PAN, TRUNK, 1968-72 A-BODY, SIDE SECTIONS, PAIR;3.22;1079.5;528.32;228.6;110.49;570;[75, 373, 400, 306, 252, 299, 39, 304];30;[0];4
HOOD HINGE SPRING, 1973-77 CHEVELLE/EL CAMINO/MONTE CARLO/CUTLASS, PAIR;2.81;0.0;0.0;0.0;23.79;571;[314, 375, 73, 389];2;[0];1
DOOR SHELL, 1968 CHEVELLE;11.34;1320.8;711.2;203.2;310.24;572;[221];33;[0];4
FILLER PANEL, INNER TRUNK, 1968 CHEVELLE, PAIR;1.81;685.8;292.1;139.7;75.64;573;[221];28;[0];4
HOOD HINGE, 1978-87 REGAL/GRAND NATIONAL, PAIR;1.81;381.0;127.0;116.84;101.99;574;[215, 274, 109, 25];4;[0];0
FENDER, 1968 CHEVELLE/EL CAMINO, PAIR;30.66;2006.6;1778.0;342.9;577.99;575;[221, 114];8;[0];4
PATCH PANEL, 1981-88 MONTE CARLO, REAR WHEEL OPENING;3.18;1066.8;381.0;38.1;67.99;576;[364];34;[0];4
FILLERS, QUARTER PANEL, 1973 ELDORADO;0.59;279.4;127.0;114.3;116.44;577;[337];56;[11];0
PANEL, TAIL LIGHT, 1965 GTO;6.26;1821.18;393.7;177.8;266.89;578;[67];71;[0];0
WHEELHOUSE, OUTER, 1981-88 MONTE CARLO, PAIR;6.35;0.0;0.0;0.0;237.99;579;[364];71;[0];-1
TRUNK LID, 1969 GTO/TEMPEST/LEMANS, W/O SPOILER HOLES, STEEL;17.46;1384.3;901.7;165.1;339.99;580;[59, 0, 267];27;[0];4
DOOR SKIN, OUTER, 1966-67 GTO/TEMPEST/LEMANS;9.07;1320.8;660.4;101.6;165.74;581;[410, 222, 382];33;[0];4
PATCH PANELS, FRONT FENDER, 1968-69 CHEVELLE/1968-72 EL CAMINO, PAIR;1.0;558.8;381.0;127.0;101.99;582;[99, 175];8;[0];4
BUMPER REINFORCEMENT, REAR, 1981-87 REGAL, EDP STEEL;13.06;1752.6;330.2;279.4;114.74;583;[215, 274, 324, 25];41;[0];4
HOOD INSTALL SET, 1981-87 REGAL/GN;7.3;457.2;254.0;152.4;152.14;584;[215, 274, 324, 25];13;[0];4
WHEELHOUSE, REAR OUTER, 1978-87 EL CAMINO;2.95;1054.1;762.0;185.42;124.09;585;[361, 408];71;[0];-1
TAILGATE SKIN, 1964-66 EL CAMINO;8.62;1549.4;558.8;127.0;121.54;586;[247];11;[0];4
DOOR SHELL, 1986-87 EL CAMINO;18.14;1557.02;762.0;236.22;404.59;587;[177];33;[0];4
EXTENSION, REAR QUARTER/TAIL LAMP HOUSING, 1969 CHEVELLE;4.13;302.26;261.62;248.92;225.24;588;[190];40;[0];0
PATCH PANELS, QUARTER PANEL, 1981-87 REGAL, FRONT, PAIR;3.63;414.02;381.0;58.42;161.49;589;[215, 274, 324, 25];34;[0];4
QUARTER PANEL, 1981-88 CUTLASS, PAIR;16.33;1955.8;914.4;609.6;203.99;590;[49];34;[0];4
BUMPER FILLER KIT, FRONT/REAR, 1980-92 DEVILLE/FLEETWOOD/BROUGHAM;2.04;469.9;464.82;271.78;331.49;591;[273, 278];56;[11];0
FILLER PANEL, TAIL LAMP, 1980-84 DEVILLE/FLEETWOOD/BROUGHAM, NO SLOT;0.95;601.98;167.64;35.56;140.24;592;[377, 72];56;[11];0
QUARTER PANEL, 1966-67 CHEVELLE, PAIR;17.33;0.0;0.0;0.0;271.99;593;[187];34;[0];4
FLOOR PANS, TRUNK, 1968-72 A-BODY, 3-PIECE KIT;3.22;1079.5;528.32;342.9;165.74;594;[75, 373, 400, 306, 252, 299, 39, 304];30;[0];4
HOOD HINGE, 1968-72 GTO/1969-70 BONNEVILLE/CATALINA, PAIR;4.17;449.58;149.86;66.04;107.09;595;[239, 34, 299, 39, 304];4;[0];0
BUMPER GUARD, REAR, 1981-87 BUICK REGAL/T-TYPE/GRAND NATIONAL, BLACK, PAIR;1.36;165.1;114.3;50.8;62.04;596;[215, 274, 324, 25];41;[0];9
QUARTER PANEL, 1968 CHEVELLE, PAIR;46.81;0.0;0.0;0.0;305.99;597;[221];34;[0];4
QUARTER PANEL, 1968-72 EL CAMINO, PAIR;30.66;2260.6;736.6;177.8;418.19;598;[175, 416];34;[0];4
TRUNK LID, 1970-72 CUTLASS SUPREME, HARDTOP;27.22;1651.0;939.8;152.4;373.99;599;[94];30;[0];4
HOOD, STEEL, 1965-67 LEMANS/TEMPEST;26.22;1473.2;1409.7;127.0;424.99;600;[381, 122, 436];2;[0];4
BUMPER GUARD, FRONT, 1981-87 BUICK REGAL, CHROME;0.68;203.2;139.7;50.8;42.49;601;[215, 274, 324, 25];41;[0];5
FLOOR PAN, TRUNK, 1973-77 A-BODY, COMPLETE WITH BRACES, 1-PIECE;14.51;1219.2;990.6;254.0;560.99;602;[314, 73, 389, 277, 28, 76, 265];30;[0];4
PATCH PANELS, LOWER QUARTER PANEL, 1968 CHEVELLE, PAIR;2.54;756.92;254.0;50.8;101.99;603;[221];34;[0];4
FLOOR PAN, TRUNK, 1964-67 CHEVELLE, SIDE SECTIONS, PAIR;3.22;1079.5;528.32;228.6;110.49;604;[19];30;[0];4
FLOOR PAN, TRUNK, 1964-67 B.O.P. A-BODY, SIDE SECTIONS, PAIR;6.49;1079.5;528.32;228.6;110.49;605;[209, 48, 428, 312, 14];30;[0];4
FLOOR PAN, TRUNK, 1964-67 B.O.P. A-BODY, 3-PIECE SET;9.71;1079.5;528.32;342.9;165.74;606;[209, 48, 428, 312, 14];30;[0];4
SPRING, HOOD HINGE, 1966-72 CHEVELLE/EL CAMINO, EXCEPT SS/COWL INDUCTION, PAIR;1.04;228.6;45.72;45.72;32.29;607;[203, 198, 355, 51, 416, 290];2;[0];1
EXTENSION, TAIL LIGHT HOUSING, REAR QUARTER, 1968 CHEVELLE;3.04;302.26;264.16;264.16;225.24;608;[221];40;[0];0
PATCH PANEL, QUARTER PANEL, 1981-87 REGAL, FRONT;1.81;414.02;381.0;58.42;80.74;609;[215, 274, 324, 25];34;[0];4
FILLER PANEL, LOWER TRUNK, 1966-67 CHEVELLE, PAIR;1.81;838.2;287.02;152.4;78.19;610;[187];28;[0];4
"HOOD HINGE, 1964 CHEVELLE/CUTLASS/PONTIAC FULL SIZE/1964-67 PONTIAC ""A"" BODY, PR";3.36;515.62;137.16;78.74;118.99;611;[360, 151, 204, 129, 48, 317, 303, 279, 428, 312, 14];4;[0];0
FENDER, 1970 CHEVELLE, PAIR;27.94;1600.2;812.8;350.52;509.99;612;[45];8;[0];4
FENDER, 1971-72 CHEVELLE, PAIR;27.94;1612.9;787.4;330.2;509.99;613;[391];8;[0];4
WHEELHOUSE, OUTER, 1981-88 MONTE CARLO;2.27;990.6;177.8;127.0;118.99;614;[364];71;[0];-1
FILLER PANEL, HEADLIGHT, 1980-89 DEVILLE/FLEETWOOD/BROUGHAM;0.68;520.7;78.74;25.4;96.89;615;[276, 418];56;[11];0
INNER FILLER, TRUNK, 1968 PONTIAC A-BODY;0.95;960.12;266.7;114.3;59.49;616;[336, 331, 292];60;[0];4
FLOOR PAN, BED 1978-87 EL CAMINO;27.22;2006.6;1447.8;101.6;330.64;617;[361, 408];74;[12];4
BUMPER REINFORCEMENT, REAR, 1981-87 REGAL, ALUMINUM;5.76;1752.6;330.2;279.4;246.49;618;[215, 274, 324, 25];41;[8];4
INNER FENDERWELLS, 1968-72 CHEVELLE/EL CAMINO, PLASTIC, PAIR;5.44;1143.0;533.4;533.4;186.99;619;[373, 175];8;[5];0
FILLER PANEL, REAR QUARTER PANEL, 1979-85 ELDORADO;2.04;469.9;464.82;271.78;84.14;620;[128];56;[11];0
PATCH PANEL, REAR QUARTER, 1970-72 CHEVELLE, BEHIND REAR WHEEL, (PAIR);2.72;952.5;406.4;101.6;91.79;621;[313];64;[0];4
WHEELHOUSE, 1968-69 CHEVELLE, 1968-72 EL CAMINO, OUTER, PAIR;5.9;0.0;0.0;0.0;135.99;622;[99, 175, 416];40;[0];4
FILLER PANEL, HEADLIGHT, 1990-92 DEVILLE/FLEETWOOD/BROUGHAM;0.68;520.7;78.74;25.4;109.64;623;[332, 216];56;[11];0
QUARTER PANEL, 1973-77 EL CAMINO, PAIR;19.05;2108.2;863.6;203.2;418.19;624;[375, 227];34;[0];4
PATCH PANELS, QUARTER PANEL, 1981-87 REGAL, REAR, PAIR;3.63;744.22;317.5;63.5;143.64;625;[215, 274, 324, 25];34;[0];4
BUMPER GUARD, REAR, 1981-87 BUICK REGAL, CHROME;0.68;165.1;114.3;50.8;37.39;626;[215, 274, 324, 25];41;[0];5
FILLER PANEL, TAIL LAMP,1985-89 DEVILLE/FLEETWOOD/BROUGHAM, SINGLE SLOT;0.95;601.98;167.64;35.56;169.14;627;[296, 394];56;[11];0
CROSSMEMBER, TRUNK FLOOR, 1968-69 A-BODY;2.49;1193.8;127.0;63.5;96.89;628;[366, 99, 237, 220, 88, 432];30;[0];4
PATCH PANEL, REAR WHEEL OPENING, 1981-87 REGAL/T-TYPE/GRAND NATIONAL;1.13;711.2;228.6;50.8;67.14;629;[215, 274, 324, 25];34;[0];4
PANEL, REAR WINDOW TO TRUNK, 1964-65 CHEVELLE, W/UNDERSIDE REINFORCEMENT;3.18;1397.0;431.8;101.6;101.99;630;[90];45;[0];0
VENT PANEL, FRONT LOWER COWL, 1968-72 A-BODY, PAIR;4.08;0.0;0.0;0.0;304.29;631;[75, 373, 175, 400, 306, 299, 39, 304];26;[0];4
QUARTER PANEL, 70-72 GTO/TEMPEST/LEMANS, COUPE/CONVERTIBLE, PAIR;45.36;0.0;0.0;0.0;418.19;632;[104, 334, 102];34;[0];4
WHEELHOUSE, OUTER, 1970-72 CHEVELLE COUPE, PAIR;5.17;1036.32;584.2;254.0;135.99;633;[313];40;[0];4
DOOR HANDLE, INSIDE, 70-76 GRAND PRIX;0.45;101.6;88.9;25.4;22.94;634;[111, 343];75;[4];5
BRACE, HEADER PANEL, 1984-87 REGAL;0.68;685.8;203.2;50.8;58.64;635;[274, 320, 316];26;[0];4
PATCH PANEL, 1981-88 MONTE CARLO, REAR WHEEL OPENING, PAIR;6.35;0.0;0.0;0.0;135.99;636;[364];34;[0];4
PATCH PANEL, QUARTER PANEL, 1981-87 REGAL, REAR;1.81;744.22;317.5;63.5;71.39;637;[215, 274, 324, 25];34;[0];4
BUMPER GUARD, FRONT, 1981-87 BUICK REGAL, CHROME, PAIR;1.36;203.2;139.7;50.8;84.99;638;[215, 274, 324, 25];41;[0];5
PATCH PANEL, REAR WHEEL OPENING, 1981-87 REGAL/T-TYPE/GRAND NATIONAL, PAIR;2.27;711.2;228.6;50.8;134.29;639;[215, 274, 324, 25];34;[0];4
DOOR SKIN, 1970-72 CHEVELLE, PAIR;18.14;1341.12;673.1;152.4;270.29;640;[313];33;[0];4
"QUARTER PANEL, 1970-72 CHEVELLE, 78"" LONG X 32"" HIGH, PAIR";36.29;1981.2;812.8;139.7;322.99;641;[313];34;[0];4
"QUARTER PANEL, 1970-72 MONTE CARLO, 77"" LONG X 27"" HIGH, PAIR";23.59;2006.6;685.8;533.4;418.19;642;[400];34;[0];4
QUARTER PANEL, 1969 GTO, COUPE/CONVERTIBLE;7.62;2052.32;863.6;177.8;209.09;643;[59, 0, 267];34;[0];4
BUMPER GUARD, FRONT, 1981-87 BUICK REGAL/T-TYPE/GRAND NATIONAL, BLACK;0.68;203.2;139.7;50.8;33.14;644;[215, 274, 324, 25];41;[0];9
TAILGATE SHELL, 1968 EL CAMINO;13.61;1536.7;490.22;172.72;266.04;645;[114];11;[0];4
HOOD HINGE, 1969 CHEVELLE/EL CAMINO, PAIR;1.81;0.0;0.0;0.0;101.99;646;[190, 345];4;[0];0
BED PANEL, INNER, 1978-87 EL CAMINO;7.94;2032.0;444.5;177.8;225.24;647;[361, 408];74;[0];4
QUARTER PANEL, 1969 GTO, COUPE/CONVERTIBLE, PAIR;15.24;2052.32;863.6;177.8;418.19;648;[59, 0, 267];34;[0];4
QUARTER PANEL, 66-67 GTO/TEMPEST/LEMANS, COUPE/CONVERTIBLE, PAIR;19.05;2324.1;774.7;152.4;418.19;649;[410, 222, 382];34;[0];4
BRACKETS, BODY MOUNT, 1964-67 CHEVELLE/CUTLASS, PAIR;0.41;106.68;101.6;76.2;56.09;650;[19, 48];26;[0];-1
BUMPER FILLER PANEL, REAR, 1979-85 ELDORADO;2.04;469.9;464.82;271.78;110.49;651;[128];56;[11];0
FILLER PANEL, REAR QUARTER PANEL, 1976-79 SEVILLE;2.04;469.9;464.82;271.78;84.14;652;[202];56;[11];0
FLOOR PANS, TRUNK, 1964-67 CHEVELLE, 3-PIECE KIT;3.22;1079.5;528.32;342.9;165.74;653;[19];30;[0];4
PATCH PANEL, TOE BOARD, 1964-67 GM A-BODY, PAIR;1.27;762.0;406.4;152.4;118.99;654;[209, 19, 339, 48, 428, 312, 14];37;[0];4
FLOOR PAN, REAR UNDER SEAT, 1973-77 A-BODY, HALF SECTION, PAIR;10.89;701.04;619.76;457.2;135.99;655;[314, 73, 389, 28, 76, 318];12;[-1];-1
PATCH PANEL, FENDER, 1968-69 CUTLASS, PAIR;2.72;533.4;444.5;63.5;215.89;656;[237];23;[0];4
PATCH PANEL, FENDER, 1970-72 CUTLASS, PAIR;0.91;426.72;342.9;152.4;215.89;657;[94];23;[0];4
FENDER, 1966 GTO/LEMANS/TEMPEST, PAIR;27.94;1600.2;812.8;381.0;645.99;658;[396, 335, 141];8;[0];4
QUARTER PANEL, 78-87 EL CAMINO, PAIR;31.75;2120.9;850.9;190.5;492.99;659;[361, 408];34;[0];4
WHEELHOUSE, INNER/OUTER, 1981-87 REGAL;9.53;1041.4;647.7;355.6;271.99;660;[215, 274, 324, 25];26;[0];4
TAILGATE SKIN, 1968 EL CAMINO;4.54;1518.92;469.9;88.9;144.49;661;[114];11;[0];4
FILLER PANEL SET, FRONT/REAR, 1980-85 SEVILLE;1.81;609.6;165.1;165.1;314.49;662;[30];56;[11];0
QUARTER PANEL, 1964-65 GTO/TEMPEST/LEMANS, COUPE/CONVERTIBLE;10.34;2184.4;647.7;152.4;195.49;663;[23, 50, 69];34;[0];4
DOOR SKIN, OUTER, 1966-67 GTO/TEMPEST/LEMANS, PAIR;13.61;0.0;0.0;0.0;331.49;664;[410, 222, 382];33;[0];4
QUARTER PANEL, 1976-77 MONTE CARLO;8.53;1778.0;762.0;241.3;192.94;665;[47];34;[-1];-1
FENDER, 1966 CHEVELLE/EL CAMINO, PAIR;24.49;1473.2;876.3;406.4;509.99;666;[283, 423];8;[0];4
ROCKER PANEL, INNER, 1968-72 A-BODY, PAIR;5.44;1676.4;101.6;25.4;135.99;667;[75, 373, 416, 299, 39, 304];44;[0];-1
FLOOR PAN, TRUNK, 1973-77 A-BODY, SIDE SECTION;2.9;863.6;584.2;7.62;93.49;668;[314, 73, 389, 277, 28, 76, 265];30;[0];4
FLOOR PAN, TRUNK, 1973-77 A-BODY, SIDE SECTIONS, PAIR;5.81;863.6;584.2;25.4;186.99;669;[314, 73, 389, 277, 28, 76, 265];30;[0];4
DOOR SKIN, 1969 PONTIAC A-BODY COUPE/CONVERTIBLE, PAIR;9.07;0.0;0.0;0.0;253.29;670;[59, 0, 267];12;[-1];-1
DOOR HANDLE, INSIDE, 70-76 GRAND PRIX, PAIR;0.45;101.6;88.9;50.8;45.89;671;[111, 343];75;[4];5
FLOOR PAN, TRUNK, 1966-67 CUTLASS, COMPLETE;31.98;1663.7;1651.0;190.5;484.49;672;[4];28;[0];4
DECK FILLER PANEL, W/UNDERSIDE BRACING, PONTIAC 64-65 A-BODY;4.99;1397.0;355.6;50.8;314.49;673;[23, 50, 69];71;[0];-1
BUMPER FILLER SET, 1973-74 ELDORADO, FRONT BUMPER;1.36;508.0;228.6;152.4;237.99;674;[132];12;[-1];-1
QUARTER PANEL, 1976-77 CUTLASS, BROUGHAM/SALON/S;18.14;1752.6;762.0;254.0;198.04;675;[411];34;[0];4
1970-72 CHEVELLE COUPE COMPLETE QUARTER PANEL PAIR;24.49;2032.0;1016.0;292.1;729.29;676;[313];34;[0];4
WHEELHOUSE, OUTER, 1970-72 CHEVELLE CONVERTIBLE;2.95;889.0;584.2;172.72;101.99;677;[313];40;[0];4
DOOR SKIN, 1970-72 CHEVELLE;9.07;1341.12;673.1;152.4;135.14;678;[313];33;[0];4
ROCKER PANEL, INNER, 1964-67 CHEVELLE COUPE/CONVERTIBLE, PAIR;4.08;1765.3;101.6;12.7;107.09;679;[209, 19, 428, 312, 14];44;[0];-1
SUPPORT, PACKAGE TRAY SIDE, 1968-72 CHEVELLE, PAIR;1.13;457.2;355.6;203.2;129.19;680;[373];54;[0];-1
BRACE, TAIL PANEL, 1965 CHEVELLE, SIDE, PAIR;0.91;152.4;101.6;50.8;33.99;681;[107];54;[0];4
PATCH PANEL, TOE BOARD, 68-72 GM A-BODY, PAIR;1.27;762.0;406.4;152.4;135.99;682;[75, 373, 175, 400, 306, 252, 299, 39, 304];37;[0];4
INNER FILLER, TRUNK, 1968 PONTIAC A-BODY, PAIR;0.95;960.12;266.7;228.6;118.99;683;[336, 331, 292];60;[0];4
DOOR SKIN, 1986-87 EL CAMINO;9.07;1531.62;736.6;147.32;169.99;684;[177];33;[0];4
WHEELHOUSE, OUTER, 1978-87 EL CAMINO, PAIR;6.35;0.0;0.0;0.0;249.04;685;[361, 408];71;[0];-1
BRACKET, LICENSE PLATE MOUNT, 1978-87 REGAL/GN, CHROME, FRONT;0.68;203.2;152.4;50.8;21.24;686;[215, 274, 109, 25];76;[12];-1
QUARTER PANEL, 1973-77 CHEVELLE, PAIR;14.33;1803.4;863.6;190.5;305.99;687;[314];34;[0];4
FLOOR PAN, TRUNK, 1969 GTO, COMPLETE;30.84;1524.0;1498.6;254.0;484.49;688;[59, 135, 264];28;[0];4
QUARTER PANEL, COMPLETE, 1970-72 CUTLASS SUPREME/4-4-2 CONVERTIBLE, PAIR;22.68;2247.9;647.7;279.4;848.29;689;[94];34;[0];4
WHEELHOUSE, INNER/OUTER, 1981-87 REGAL, PAIR;19.05;1041.4;647.7;508.0;543.99;690;[215, 274, 324, 25];26;[0];4
WHEELHOUSE, INNER/OUTER, 1970-72 CHEVELLE CONVERTIBLE, PAIR;20.87;1109.98;596.9;406.4;475.99;691;[313];34;[0];4
TRUNK FILLER PANEL, 1973-77 CHEVELLE/MONTE CARLO, PAIR;1.63;647.7;228.6;96.52;143.64;692;[314, 73];28;[0];4
QUARTER PANEL, COMPLETE, 1969 CHEVELLE, PAIR;25.22;2133.6;1117.6;266.7;695.29;693;[190];34;[0];4
FLOOR PAN, QUARTER SECTION, 1968-72 A-BODY (EXC EL CAMINO), PAIR;9.07;850.9;769.62;254.0;135.99;694;[75, 373, 400, 306, 299, 39, 304];15;[0];4
FLOOR PAN, QUARTER SECTION, 1968-72 A-BODY (EXC EL CAMINO), 4-PC. SET;18.14;850.9;769.62;508.0;271.99;695;[75, 373, 400, 306, 299, 39, 304];15;[0];4
FILLER PANEL, FRONT SIDE QUARTER PANEL, 1977-79 DEVILLE/FLEETWOOD/BROUGHAM;2.04;469.9;464.82;271.78;76.49;696;[420, 167];56;[11];0
DOOR SKIN, 1978-85 EL CAMINO/MALIBU, PAIR;18.14;1531.62;736.6;147.32;331.49;697;[269, 403];33;[0];4
QUARTER PANEL, COMPLETE, 1970-72 CHEVELLE, CONVERTIBLE, PAIR;63.5;0.0;0.0;0.0;713.99;698;[313];34;[0];4
WHEELHOUSE, COMPLETE, 1968-69 GTO, SEDAN/HARDTOP;4.54;1112.52;655.32;414.02;228.64;699;[220, 88, 432];34;[0];4
WHEELHOUSE, INNER, 1970-72 CHEVELLE CONVERTIBLE;1.36;1016.0;609.6;203.2;101.99;700;[313];40;[0];4
DOOR SKIN, 1966-67 CHEVELLE;9.07;1320.8;673.1;127.0;124.09;701;[187];33;[0];4
QUARTER PANEL, 1964-65 CHEVELLE, PAIR;17.33;0.0;0.0;0.0;356.99;702;[90];34;[0];4
QUARTER PANEL, 1976-77 CUTLASS, BROUGHAM/SALON/S, PAIR;18.14;0.0;0.0;0.0;396.09;703;[411];34;[0];4
HOOD, STEEL, 1967 CHEVELLE/EL CAMINO, SS, W/INSERTS;39.01;1676.4;1524.0;215.9;410.54;704;[374, 74];2;[0];4
HOOD, STEEL, 1969 CHEVELLE/EL CAMINO, SS, W/GRILLES;33.11;1600.2;1539.24;137.16;441.99;705;[190, 345];2;[0];4
PATCH PANEL, TAILLIGHT PANEL, 1968 CHEVELLE;2.72;1828.8;355.6;190.5;157.24;706;[221];42;[0];4
PANEL, TAIL PATCH, 1965 CHEVELLE, SIDE EXTENSION, PAIR;1.81;254.0;254.0;203.2;118.99;707;[107];42;[0];4
FLOOR PAN, QUARTER SECTION, 1964-67 A-BODY (EXC EL CAMINO), PAIR;9.07;850.9;769.62;254.0;135.99;708;[209, 19, 48, 428, 312, 14];15;[0];4
FLOOR PAN, QUARTER SECTION, 1964-67 A-BODY (EXC EL CAMINO), 4-PC. SET;18.14;850.9;769.62;508.0;271.99;709;[209, 19, 48, 428, 312, 14];15;[0];4
BODY BRACE, TRUNK, 1968-72 A-BODY, PAIR;2.95;952.5;266.7;109.22;62.89;710;[75, 373, 400, 306, 252, 299, 39, 304];32;[0];4
INNER FENDERWELLS, 1966-67 GTO/LEMANS/TEMPEST, PAIR;10.89;1143.0;533.4;533.4;277.09;711;[410, 222, 382];8;[0];4
FIREWALL, 1968-69 GTO/LEMANS/TEMPEST AC;13.61;1219.2;584.2;279.4;314.49;712;[220, 88, 432];35;[0];4
INNER FILLER, TRUNK, 1969 PONTIAC A-BODY, PAIR;0.95;960.12;266.7;228.6;117.29;713;[59, 0, 267];60;[0];4
DOOR SKIN, 1986-87 EL CAMINO, PAIR;18.14;1531.62;736.6;147.32;339.99;714;[177];33;[0];4
DOOR SKIN, 1969 CHEVELLE;9.07;1308.1;680.72;172.72;135.99;715;[190];33;[0];4
BUMPER REINFORCEMENT, FRONT, 1981-87 REGAL, ALUMINUM;6.71;1752.6;330.2;279.4;246.49;716;[215, 274, 324, 25];41;[8];4
DOOR SKIN, 1968 CHEVELLE;9.07;1328.42;680.72;223.52;124.94;717;[221];33;[0];4
BUMPER FILLER KIT, FRONT/REAR, 1977-79 DEVILLE/FLEETWOOD/BROUGHAM;2.04;469.9;464.82;271.78;339.14;718;[420, 167];56;[11];0
FENDER EXTENSION, 1971-72 CHEVELLE, PAIR;6.35;609.6;406.4;203.2;385.89;719;[391];8;[0];0
HOOD, STEEL, 1966 CHEVELLE/EL CAMINO, SS, W/HOUSINGS/INSERTS;31.34;1397.0;1371.6;165.1;526.99;720;[283, 423];2;[0];4
FILLER PANEL, FRONT BUMPER, 1980-85 SEVILLE;2.04;469.9;464.82;271.78;107.09;721;[30];56;[11];0
INNER FILLER, TRUNK, 1966-67 PONTIAC A-BODY, PAIR;0.95;960.12;266.7;228.6;135.99;722;[410, 222, 382];60;[0];4
PATCH PANEL, B-PILLAR T-TOP ROOF, 1978-88 G-BODY, PAIR;2.72;558.8;457.2;254.0;135.99;723;[215, 274, 109, 25, 96, 408, 155, 288];31;[0];4
FLOOR PAN, FULL SECTION, 1978-88 G-BODY, PR;19.05;1600.2;609.6;203.2;288.99;724;[215, 274, 109, 25, 361, 96, 155, 288];69;[0];0
TRUNK FLOOR, 1973-77 A-BODY, 8PC SET, W/BODY & GAS TANK BRACES;7.26;1005.84;998.22;800.1;278.79;725;[314, 73, 389, 28, 76, 318];12;[-1];-1
FILLER PANEL, REAR LICENSE PLATE, 1980-90 DEVILLE/FLEETWOOD/BROUGHAM;0.23;543.56;154.94;71.12;55.24;726;[370, 81];56;[11];0
FLOOR PAN PATCH, 1978-88 G-BODY, 4-PCS;16.33;1117.6;774.7;304.8;305.99;727;[215, 274, 109, 25, 361, 403, 96, 155, 288];15;[0];4
EXTENSION/HOUSING, REAR QUARTER/TAIL LAMP, 1968 CHEVELLE, PAIR;6.03;302.26;264.16;264.16;450.49;728;[221];40;[0];0
WHEELHOUSE, COMPLETE, 1968-69 GTO, SEDAN/HARDTOP, PAIR;9.07;1112.52;655.32;414.02;457.29;729;[220, 88, 432];34;[0];4
QUARTER PANEL, 68 GTO, 68-69 TEMPEST/LEMANS, COUPE/CONVERTIBLE, PAIR;15.24;2052.32;863.6;203.2;389.29;730;[336, 331, 292];34;[0];4
WHEELHOUSE, OUTER, 1970-72 OLDSMOBILE COUPE, PAIR;9.07;1117.6;660.4;254.0;203.99;731;[94];40;[0];4
FENDER, 1968-69 CUTLASS (PAIR);28.12;0.0;0.0;0.0;934.99;732;[237];8;[0];4
DOOR SKIN, 1964-65 CHEVELLE, PAIR;18.14;1315.72;668.02;96.52;297.49;733;[90];33;[0];4
FILLER PANEL, LICENSE PLATE, 1979-85 ELDORADO;0.23;543.56;154.94;71.12;56.09;734;[128];56;[11];0
BUMPER GUARD, REAR, 1981-87 BUICK REGAL/T-TYPE/GRAND NATIONAL, BLACK;0.68;165.1;114.3;50.8;30.59;735;[215, 274, 324, 25];41;[0];9
FENDER, 1978-81 EL CAMINO/MALIBU, PAIR;36.29;0.0;0.0;0.0;509.99;736;[184, 425, 226];8;[0];4
FLOOR PAN PATCH, 1978-88 G-BODY, PAIR;8.16;1117.6;774.7;142.24;152.99;737;[215, 274, 109, 25, 361, 403, 96, 155, 288];15;[0];4
FILLER PANEL, REAR, 1977-78 ELDORADO;1.81;609.6;165.1;165.1;271.99;738;[140];56;[11];0
FIREWALL, 1968-69 GTO/LEMANS/TEMPEST BLANK;13.61;1219.2;584.2;279.4;305.99;739;[220, 88, 432];35;[0];4
FILLER PANEL, FRONT, 1979-85 ELDORADO;2.04;469.9;464.82;271.78;50.99;740;[128];56;[11];0
FENDER, 1969 CHEVELLE/EL CAMINO, PAIR;29.94;1727.2;812.8;350.52;566.09;741;[190, 345];8;[0];4
FLOOR PAN, FRONT TO REAR SECTION, 1968-72 A-BODY EXC. EL CAMINO, PAIR;13.61;1600.2;762.0;254.0;169.99;742;[75, 373, 400, 306, 299, 39, 304];15;[0];4
FLOOR PAN, TRUNK, 1973-77 A-BODY, CENTER SECTION;2.9;863.6;584.2;7.62;79.89;743;[314, 73, 389, 277, 28, 76, 265];30;[0];4
QUARTER PANEL, 68-69 GTO/TEMPEST/LEMANS, COUPE, COMPLETE PAIR;26.31;2235.2;1066.8;292.1;781.99;744;[220, 88, 432];34;[0];4
WHEELHOUSE, INNER, 1981-88 MONTE CARLO, PAIR;6.35;1016.0;596.9;203.2;237.99;745;[215, 274, 324, 25, 364];26;[0];4
FIREWALL, 1968-72 CHEVELLE CONVERTIBLE, W/O A/C;22.68;1828.8;812.8;381.0;246.49;746;[373];35;[0];4
FIREWALL, 1968-69 GTO/LEMANS/TEMPEST NON-AC;13.61;1219.2;584.2;279.4;237.99;747;[220, 88, 432];35;[0];4
"HOOD, STEEL, 1981-87 REGAL, 2"" COWL INDUCTION";39.46;1600.2;1574.8;228.6;339.99;748;[215, 274, 324, 25];2;[0];4
FILLER PANEL, LOWER TRUNK, 1964-65 CHEVELLE/OLDSMOBILE, PAIR;3.63;711.2;177.8;88.9;93.49;749;[90];28;[0];4
FENDER, 1968-69 GTO/LEMANS/TEMPEST, PAIR;30.84;1752.6;838.2;431.8;764.99;750;[220, 88, 432];8;[0];4
WHEELHOUSE, REAR INNER/OUTER, 1968-72 EL CAMINO, PAIR;8.16;0.0;0.0;0.0;470.89;751;[175, 416];34;[0];4
FILLER PANEL SET, FRONT BUMPER/QUARTER FILLERS, 1980-85 SEVILLE;2.04;469.9;464.82;271.78;118.99;752;[30];56;[11];0
FILLER PANELS, HEADLIGHT, 1973-74 CADILLAC ELDORADO;1.36;635.0;165.1;165.1;96.04;753;[132];56;[11];0
FLOOR PANS, TRUNK, 1973-77 A-BODY, 3-PIECE SET;9.53;863.6;584.2;254.0;212.49;754;[314, 73, 389, 277, 28, 76, 265];30;[0];4
QUARTER PANEL, COMPLETE, 1978-87 EL CAMINO, PAIR;22.68;2324.1;1168.4;203.2;849.99;755;[361];34;[0];4
FILLER PANEL, REAR BUMPER, 1980-85 SEVILLE;2.04;469.9;464.82;271.78;158.09;756;[30];56;[11];0
EXTENSION/HOUSING, REAR QUARTER/TAIL LAMP, 1969 CHEVELLE, PAIR;8.21;302.26;261.62;248.92;450.49;757;[190];40;[0];0
DOOR SKIN, 1968 CHEVELLE, PAIR;18.14;1328.42;680.72;223.52;249.89;758;[221];33;[0];4
BUMPER GUARD, REAR, 1981-87 BUICK REGAL, CHROME, PAIR;1.36;165.1;114.3;50.8;75.64;759;[215, 274, 324, 25];41;[0];5
WHEELHOUSE, INNER, 1970-72 CHEVELLE CONVERTIBLE, PAIR;2.72;1016.0;1016.0;203.2;203.99;760;[313];40;[0];4
WHEELHOUSE, OUTER, 1970-72 CHEVELLE CONVERTIBLE, PAIR;5.9;1016.0;889.0;254.0;203.99;761;[313];40;[0];4
FLOOR PAN, 1973-77 A-BODY, 1/4 SECTIONS, PAIR;5.44;690.88;670.56;259.08;195.49;762;[314, 73, 389, 28, 76, 318];12;[-1];-1
DOOR SKIN, 1966-67 CHEVELLE, PAIR;18.14;1320.8;673.1;127.0;248.19;763;[187];33;[0];4
DOOR SKIN, 1969 CHEVELLE, PAIR;18.14;1308.1;680.72;172.72;271.99;764;[190];33;[0];4
DOOR SHELLS, 1968 PONTIAC A-BODY, PAIR;22.68;0.0;0.0;0.0;776.89;765;[336, 331, 292];33;[0];4
QUARTER PANEL, 1968-69 CUTLASS, PAIR;20.87;2014.22;736.6;215.9;396.09;766;[237];34;[0];4
DOOR HINGE PILLAR, W/KICK PANEL, 1970-72 A-BODY CONVERTIBLE, PAIR;19.96;1277.62;642.62;431.8;583.09;767;[342, 313, 94, 104, 334, 102];58;[0];4
PATCH PANEL, B-PILLAR LOWER, 1978-88 G-BODY 2-DR, EXC. EL CAMINO, PAIR;1.81;609.6;304.8;304.8;101.99;768;[215, 274, 109, 25, 403, 96, 155, 288];12;[-1];-1
FLOOR PAN, TRUNK, 1964-65 SKYLARK, COMPLETE;30.84;1524.0;1498.6;254.0;424.99;769;[120];28;[0];4
TAILGATE SKIN, 1967 EL CAMINO;4.54;1536.7;546.1;121.92;139.39;770;[74];11;[0];4
FILLER PANEL, HEADLIGHT, 1977-79 DEVILLE/FLEETWOOD/BROUGHAM;0.68;520.7;78.74;25.4;98.59;771;[420, 167];56;[11];0
FLOOR PAN, TRUNK, 1968 CHEVELLE, COMPLETE;58.97;1473.2;635.0;508.0;416.49;772;[221];28;[0];4
FENDER, 1970 EL CAMINO/CHEVELLE WAGON, PAIR;28.12;1701.8;774.7;355.6;475.99;773;[45, 213];8;[0];4
QUARTER PANEL, 1970-72 CUTLASS, SUPREME/442, PAIR;17.24;2070.1;787.4;254.0;407.99;774;[94];34;[0];4
FILLER PANEL, REAR BUMPER, 1977-78 ELDORADO;2.04;469.9;464.82;271.78;124.09;775;[140];56;[11];0
QUARTER PANEL, 66-67 CHEVELLE, COUPE, COMPLETE PAIR;24.31;2387.6;863.6;304.8;671.49;776;[187];34;[0];4
FLOOR PAN SET, 1973-77 A-BODY, 1/4 SECTIONS;5.44;690.88;670.56;518.16;390.99;777;[314, 73, 389, 28, 76, 318];12;[-1];-1
DOOR SHELLS, 1966-67 PONTIAC A-BODY, PAIR;22.68;0.0;0.0;0.0;753.09;778;[410, 222, 382];33;[0];4
FILLER PANEL, TAIL LIGHT, 1974-76 DEVILLE/FLEETWOOD;0.95;601.98;167.64;35.56;152.99;779;[35, 26];56;[11];0
DOOR SHELLS, COMPLETE, 1966-67 CHEVELLE, PAIR;22.68;1303.02;655.32;190.5;679.99;780;[187];33;[0];4
DOOR SHELLS, 1969 CHEVELLE, PAIR;22.68;0.0;0.0;0.0;559.29;781;[190];33;[0];4
ROCKER PANEL, OUTER, 1968-72 EL CAMINO, PAIR;13.61;0.0;0.0;0.0;237.99;782;[175, 416];44;[0];-1
PATCH PANELS, LOWER REAR QUARTER PANEL, 1968-72 EL CAMINO, PAIR;2.72;889.0;254.0;25.4;101.99;783;[175, 416];34;[0];4
FILLER PANEL, REAR LICENSE PLATE, 1977-92 DEVILLE FLEETWOOD/BROUGHAM;0.23;543.56;154.94;71.12;44.19;784;[229, 32];56;[11];0
DOOR SHELLS, 1970-72 CHEVELLE, PAIR;22.68;1353.82;744.22;241.3;736.09;785;[313];33;[0];4
FENDER, 1970 GTO, PAIR;36.11;1752.6;812.8;431.8;686.79;786;[348];8;[0];4
BED PANEL, INNER, 1978-87 EL CAMINO, PAIR;27.22;0.0;0.0;0.0;450.49;787;[361, 408];74;[0];4
QUARTER PANEL SKIN, 81-88 MONTE CARLO, 80%, PAIR;24.81;1803.4;812.8;190.5;424.14;788;[364];34;[0];4
1970-72 CUTLASS 422 FRONT FENDERS PAIR;36.29;0.0;0.0;0.0;815.99;789;[94];8;[0];4
FILLER PANEL, HEADLIGHT, 1974-76 DEVILLE/FLEETWOOD;0.68;520.7;78.74;25.4;115.59;790;[35, 26];56;[11];0
QUARTER PANEL, COMPLETE, 1964-65 CHEVELLE, PAIR;26.13;2260.6;1054.1;228.6;720.79;791;[90];34;[0];4
DOOR SHELLS, 1964-65 CHEVELLE, PAIR;27.22;0.0;0.0;0.0;645.99;792;[90];33;[0];4
DOOR SHELLS, 1978-85 EL CAMINO/MALIBU, PAIR;36.29;1557.02;762.0;236.22;865.29;793;[269, 403, 293];33;[0];4
WHEELHOUSE, OUTER, 1981-87 REGAL/GN;2.27;990.6;177.8;127.0;73.94;794;[215, 274, 324, 25];71;[0];-1
BUMPER FILLER, REAR, 1976-79 SEVILLE;2.04;469.9;464.82;271.78;76.49;795;[202];56;[11];0
FENDER, 1965 GTO/TEMPEST/LEMANS, PAIR;11.79;1574.8;736.6;355.6;764.99;796;[67, 10, 6];8;[0];4
QUARTER PANEL SKIN, 1981-88 MONTE CARLO, FULL W/O DOOR JAMB;27.22;2006.6;1168.4;279.4;322.99;797;[364];26;[0];4
FLOOR PAN, COMPLETE, 1968-69 EL CAMINO, W/O ROCKERS OR BRACES;31.75;1549.4;1397.0;203.2;671.49;798;[217];25;[0];4
WHEELHOUSE, OUTER, 1981-87 REGAL/GN, PAIR;4.54;990.6;254.0;254.0;147.89;799;[215, 274, 324, 25];71;[0];-1
QUARTER PANEL SKIN, 1981-88 MONTE CARLO, FULL W/O DOOR JAMB, PAIR;54.43;2006.6;1168.4;558.8;645.99;800;[364];26;[0];4
FLOOR PAN, 1973-77 A-BODY, HALF SECTIONS, W/TOE BOARD, PAIR;7.71;1564.64;645.16;248.92;169.99;801;[314, 73, 389, 28, 76, 318];12;[-1];-1
DOOR SHELLS, 1968 CHEVELLE, PAIR;22.68;0.0;0.0;0.0;620.49;802;[221];33;[0];4
1970-72 MONTE CARLO FRONT FENDERS, PAIR;28.12;1651.0;1524.0;355.6;848.29;803;[400];8;[0];4
